id,real,svm,rf,net5
airplane/airplane_0627,0,0,0,0
airplane/airplane_0628,0,0,0,0
airplane/airplane_0629,0,0,0,0
airplane/airplane_0630,0,0,0,0
airplane/airplane_0631,0,0,0,0
airplane/airplane_0632,0,0,0,0
airplane/airplane_0633,0,0,0,0
airplane/airplane_0634,0,0,0,0
airplane/airplane_0635,0,0,0,0
airplane/airplane_0636,0,0,0,0
airplane/airplane_0637,0,0,0,0
airplane/airplane_0638,0,0,0,0
airplane/airplane_0639,0,0,0,0
airplane/airplane_0640,0,0,0,0
airplane/airplane_0641,0,0,0,0
airplane/airplane_0642,0,0,0,0
airplane/airplane_0643,0,0,0,0
airplane/airplane_0644,0,0,0,0
airplane/airplane_0645,0,0,0,0
airplane/airplane_0646,0,0,0,0
airplane/airplane_0647,0,0,0,0
airplane/airplane_0648,0,0,0,0
airplane/airplane_0649,0,0,0,0
airplane/airplane_0650,0,0,0,0
airplane/airplane_0651,0,0,0,0
airplane/airplane_0652,0,0,0,0
airplane/airplane_0653,0,0,0,0
airplane/airplane_0654,0,0,0,0
airplane/airplane_0655,0,0,0,0
airplane/airplane_0656,0,0,0,0
airplane/airplane_0657,0,0,0,0
airplane/airplane_0658,0,0,0,0
airplane/airplane_0659,0,0,2,0
airplane/airplane_0660,0,0,0,0
airplane/airplane_0661,0,0,0,0
airplane/airplane_0662,0,0,0,0
airplane/airplane_0663,0,0,0,0
airplane/airplane_0664,0,0,0,0
airplane/airplane_0665,0,0,0,0
airplane/airplane_0666,0,0,0,0
airplane/airplane_0667,0,0,0,0
airplane/airplane_0668,0,0,0,0
airplane/airplane_0669,0,0,0,0
airplane/airplane_0670,0,0,0,0
airplane/airplane_0671,0,0,0,0
airplane/airplane_0672,0,0,0,0
airplane/airplane_0673,0,0,0,0
airplane/airplane_0674,0,0,0,0
airplane/airplane_0675,0,0,0,0
airplane/airplane_0676,0,0,0,0
airplane/airplane_0677,0,0,0,0
airplane/airplane_0678,0,0,0,0
airplane/airplane_0679,0,0,0,0
airplane/airplane_0680,0,0,0,0
airplane/airplane_0681,0,0,0,0
airplane/airplane_0682,0,0,0,0
airplane/airplane_0683,0,0,0,0
airplane/airplane_0684,0,0,0,0
airplane/airplane_0685,0,0,0,0
airplane/airplane_0686,0,0,0,0
airplane/airplane_0687,0,0,0,0
airplane/airplane_0688,0,0,0,0
airplane/airplane_0689,0,0,0,0
airplane/airplane_0690,0,0,0,0
airplane/airplane_0691,0,0,0,0
airplane/airplane_0692,0,0,0,0
airplane/airplane_0693,0,0,0,0
airplane/airplane_0694,0,0,0,0
airplane/airplane_0695,0,0,0,0
airplane/airplane_0696,0,0,0,0
airplane/airplane_0697,0,0,0,0
airplane/airplane_0698,0,0,0,0
airplane/airplane_0699,0,0,0,0
airplane/airplane_0700,0,0,0,0
airplane/airplane_0701,0,0,0,0
airplane/airplane_0702,0,0,0,0
airplane/airplane_0703,0,0,0,0
airplane/airplane_0704,0,0,0,0
airplane/airplane_0705,0,0,0,0
airplane/airplane_0706,0,0,0,0
airplane/airplane_0707,0,0,0,0
airplane/airplane_0708,0,0,0,0
airplane/airplane_0709,0,0,0,0
airplane/airplane_0710,0,0,0,0
airplane/airplane_0711,0,0,0,0
airplane/airplane_0712,0,0,0,0
airplane/airplane_0713,0,0,0,0
airplane/airplane_0714,0,0,0,0
airplane/airplane_0715,0,0,0,0
airplane/airplane_0716,0,0,0,0
airplane/airplane_0717,0,0,0,0
airplane/airplane_0718,0,0,0,0
airplane/airplane_0719,0,0,0,0
airplane/airplane_0720,0,0,0,0
airplane/airplane_0721,0,0,0,0
airplane/airplane_0722,0,0,0,0
airplane/airplane_0723,0,0,0,29
airplane/airplane_0724,0,0,0,0
airplane/airplane_0725,0,0,0,0
airplane/airplane_0726,0,0,0,0
bathtub/bathtub_0107,1,2,2,1
bathtub/bathtub_0108,1,30,30,2
bathtub/bathtub_0109,1,2,2,1
bathtub/bathtub_0110,1,1,1,1
bathtub/bathtub_0111,1,1,1,1
bathtub/bathtub_0112,1,1,1,1
bathtub/bathtub_0113,1,1,1,1
bathtub/bathtub_0114,1,1,1,1
bathtub/bathtub_0115,1,1,1,1
bathtub/bathtub_0116,1,27,30,1
bathtub/bathtub_0117,1,29,6,6
bathtub/bathtub_0118,1,30,30,1
bathtub/bathtub_0119,1,1,7,1
bathtub/bathtub_0120,1,27,2,1
bathtub/bathtub_0121,1,16,2,1
bathtub/bathtub_0122,1,33,33,1
bathtub/bathtub_0123,1,2,2,1
bathtub/bathtub_0124,1,2,2,10
bathtub/bathtub_0125,1,1,2,2
bathtub/bathtub_0126,1,2,2,2
bathtub/bathtub_0127,1,2,2,6
bathtub/bathtub_0128,1,1,1,1
bathtub/bathtub_0129,1,1,2,30
bathtub/bathtub_0130,1,2,2,1
bathtub/bathtub_0131,1,34,0,1
bathtub/bathtub_0132,1,2,2,1
bathtub/bathtub_0133,1,2,2,2
bathtub/bathtub_0134,1,29,2,2
bathtub/bathtub_0135,1,1,1,1
bathtub/bathtub_0136,1,2,1,1
bathtub/bathtub_0137,1,2,33,1
bathtub/bathtub_0138,1,7,7,18
bathtub/bathtub_0139,1,1,2,1
bathtub/bathtub_0140,1,1,1,1
bathtub/bathtub_0141,1,1,2,1
bathtub/bathtub_0142,1,1,1,1
bathtub/bathtub_0143,1,2,1,1
bathtub/bathtub_0144,1,1,1,1
bathtub/bathtub_0145,1,1,1,1
bathtub/bathtub_0146,1,1,1,1
bathtub/bathtub_0147,1,1,2,1
bathtub/bathtub_0148,1,1,1,1
bathtub/bathtub_0149,1,1,1,1
bathtub/bathtub_0150,1,1,1,1
bathtub/bathtub_0151,1,34,1,1
bathtub/bathtub_0152,1,1,30,1
bathtub/bathtub_0153,1,1,1,29
bathtub/bathtub_0154,1,33,1,1
bathtub/bathtub_0155,1,33,33,1
bathtub/bathtub_0156,1,1,1,1
bed/bed_0516,2,36,36,12
bed/bed_0517,2,2,2,2
bed/bed_0518,2,2,2,2
bed/bed_0519,2,2,2,33
bed/bed_0520,2,2,0,2
bed/bed_0521,2,2,2,2
bed/bed_0522,2,2,2,2
bed/bed_0523,2,6,2,2
bed/bed_0524,2,2,2,2
bed/bed_0525,2,2,2,2
bed/bed_0526,2,2,2,2
bed/bed_0527,2,2,2,2
bed/bed_0528,2,2,2,2
bed/bed_0529,2,2,2,33
bed/bed_0530,2,2,2,2
bed/bed_0531,2,2,2,2
bed/bed_0532,2,2,2,2
bed/bed_0533,2,2,2,2
bed/bed_0534,2,33,2,8
bed/bed_0535,2,2,2,2
bed/bed_0536,2,2,2,2
bed/bed_0537,2,2,2,2
bed/bed_0538,2,2,2,33
bed/bed_0539,2,2,2,2
bed/bed_0540,2,2,2,2
bed/bed_0541,2,2,2,2
bed/bed_0542,2,1,2,2
bed/bed_0543,2,2,2,2
bed/bed_0544,2,2,2,2
bed/bed_0545,2,2,2,2
bed/bed_0546,2,2,2,2
bed/bed_0547,2,2,2,2
bed/bed_0548,2,2,2,2
bed/bed_0549,2,2,2,2
bed/bed_0550,2,2,2,2
bed/bed_0551,2,2,2,2
bed/bed_0552,2,2,2,2
bed/bed_0553,2,2,2,2
bed/bed_0554,2,2,2,2
bed/bed_0555,2,2,2,2
bed/bed_0556,2,2,2,2
bed/bed_0557,2,2,2,2
bed/bed_0558,2,27,0,2
bed/bed_0559,2,2,2,2
bed/bed_0560,2,1,2,2
bed/bed_0561,2,2,2,2
bed/bed_0562,2,1,2,2
bed/bed_0563,2,2,2,16
bed/bed_0564,2,2,2,33
bed/bed_0565,2,2,2,2
bed/bed_0566,2,2,2,2
bed/bed_0567,2,2,2,20
bed/bed_0568,2,2,2,2
bed/bed_0569,2,2,2,2
bed/bed_0570,2,2,2,2
bed/bed_0571,2,2,2,2
bed/bed_0572,2,2,2,2
bed/bed_0573,2,2,2,2
bed/bed_0574,2,2,2,2
bed/bed_0575,2,2,2,2
bed/bed_0576,2,2,2,2
bed/bed_0577,2,2,2,2
bed/bed_0578,2,2,2,2
bed/bed_0579,2,2,2,2
bed/bed_0580,2,2,2,34
bed/bed_0581,2,2,2,2
bed/bed_0582,2,2,2,2
bed/bed_0583,2,2,16,2
bed/bed_0584,2,2,2,2
bed/bed_0585,2,2,2,2
bed/bed_0586,2,2,2,2
bed/bed_0587,2,2,2,2
bed/bed_0588,2,2,2,2
bed/bed_0589,2,2,2,2
bed/bed_0590,2,2,2,2
bed/bed_0591,2,2,2,2
bed/bed_0592,2,2,2,2
bed/bed_0593,2,2,2,2
bed/bed_0594,2,2,2,2
bed/bed_0595,2,2,2,2
bed/bed_0596,2,2,2,2
bed/bed_0597,2,2,2,2
bed/bed_0598,2,2,2,6
bed/bed_0599,2,2,2,2
bed/bed_0600,2,2,2,2
bed/bed_0601,2,2,2,2
bed/bed_0602,2,2,2,2
bed/bed_0603,2,2,2,2
bed/bed_0604,2,1,1,2
bed/bed_0605,2,2,2,2
bed/bed_0606,2,33,33,33
bed/bed_0607,2,2,2,2
bed/bed_0608,2,2,2,2
bed/bed_0609,2,2,2,2
bed/bed_0610,2,2,2,2
bed/bed_0611,2,2,2,2
bed/bed_0612,2,2,2,2
bed/bed_0613,2,2,2,2
bed/bed_0614,2,2,2,8
bed/bed_0615,2,2,2,2
bench/bench_0174,3,3,3,3
bench/bench_0175,3,3,36,3
bench/bench_0176,3,3,3,3
bench/bench_0177,3,3,3,3
bench/bench_0178,3,3,3,3
bench/bench_0179,3,3,3,3
bench/bench_0180,3,3,36,3
bench/bench_0181,3,36,21,3
bench/bench_0182,3,3,3,3
bench/bench_0183,3,29,22,20
bench/bench_0184,3,33,8,33
bench/bench_0185,3,3,3,3
bench/bench_0186,3,3,3,3
bench/bench_0187,3,3,3,3
bench/bench_0188,3,33,33,33
bench/bench_0189,3,3,3,3
bench/bench_0190,3,3,3,3
bench/bench_0191,3,30,30,30
bench/bench_0192,3,3,36,20
bench/bench_0193,3,4,36,25
bookshelf/bookshelf_0573,4,4,4,4
bookshelf/bookshelf_0574,4,4,4,4
bookshelf/bookshelf_0575,4,4,4,4
bookshelf/bookshelf_0576,4,36,4,4
bookshelf/bookshelf_0577,4,4,4,4
bookshelf/bookshelf_0578,4,4,5,4
bookshelf/bookshelf_0579,4,4,4,4
bookshelf/bookshelf_0580,4,4,4,4
bookshelf/bookshelf_0581,4,4,4,4
bookshelf/bookshelf_0582,4,4,4,4
bookshelf/bookshelf_0583,4,4,4,4
bookshelf/bookshelf_0584,4,13,13,13
bookshelf/bookshelf_0585,4,36,36,36
bookshelf/bookshelf_0586,4,4,4,4
bookshelf/bookshelf_0587,4,4,4,38
bookshelf/bookshelf_0588,4,4,4,4
bookshelf/bookshelf_0589,4,39,35,4
bookshelf/bookshelf_0590,4,4,4,4
bookshelf/bookshelf_0591,4,4,4,4
bookshelf/bookshelf_0592,4,4,13,13
bookshelf/bookshelf_0593,4,4,4,4
bookshelf/bookshelf_0594,4,4,4,4
bookshelf/bookshelf_0595,4,37,4,4
bookshelf/bookshelf_0596,4,4,4,4
bookshelf/bookshelf_0597,4,4,4,4
bookshelf/bookshelf_0598,4,4,4,4
bookshelf/bookshelf_0599,4,5,5,4
bookshelf/bookshelf_0600,4,4,4,4
bookshelf/bookshelf_0601,4,4,4,4
bookshelf/bookshelf_0602,4,4,4,4
bookshelf/bookshelf_0603,4,4,4,4
bookshelf/bookshelf_0604,4,4,4,4
bookshelf/bookshelf_0605,4,5,4,4
bookshelf/bookshelf_0606,4,4,4,4
bookshelf/bookshelf_0607,4,4,4,4
bookshelf/bookshelf_0608,4,4,4,4
bookshelf/bookshelf_0609,4,4,4,4
bookshelf/bookshelf_0610,4,4,4,4
bookshelf/bookshelf_0611,4,4,4,4
bookshelf/bookshelf_0612,4,4,4,4
bookshelf/bookshelf_0613,4,4,4,4
bookshelf/bookshelf_0614,4,4,4,4
bookshelf/bookshelf_0615,4,4,4,4
bookshelf/bookshelf_0616,4,4,4,4
bookshelf/bookshelf_0617,4,4,4,4
bookshelf/bookshelf_0618,4,4,4,4
bookshelf/bookshelf_0619,4,4,4,4
bookshelf/bookshelf_0620,4,4,4,4
bookshelf/bookshelf_0621,4,4,4,4
bookshelf/bookshelf_0622,4,4,4,4
bookshelf/bookshelf_0623,4,4,4,4
bookshelf/bookshelf_0624,4,4,4,4
bookshelf/bookshelf_0625,4,4,4,4
bookshelf/bookshelf_0626,4,4,4,4
bookshelf/bookshelf_0627,4,4,4,4
bookshelf/bookshelf_0628,4,4,4,4
bookshelf/bookshelf_0629,4,4,4,4
bookshelf/bookshelf_0630,4,4,4,4
bookshelf/bookshelf_0631,4,4,4,4
bookshelf/bookshelf_0632,4,4,4,36
bookshelf/bookshelf_0633,4,4,4,4
bookshelf/bookshelf_0634,4,4,4,4
bookshelf/bookshelf_0635,4,4,4,4
bookshelf/bookshelf_0636,4,37,5,4
bookshelf/bookshelf_0637,4,4,4,4
bookshelf/bookshelf_0638,4,4,4,4
bookshelf/bookshelf_0639,4,4,4,4
bookshelf/bookshelf_0640,4,36,36,36
bookshelf/bookshelf_0641,4,4,4,4
bookshelf/bookshelf_0642,4,4,4,4
bookshelf/bookshelf_0643,4,4,4,4
bookshelf/bookshelf_0644,4,4,4,4
bookshelf/bookshelf_0645,4,4,4,4
bookshelf/bookshelf_0646,4,4,4,4
bookshelf/bookshelf_0647,4,4,4,4
bookshelf/bookshelf_0648,4,4,4,4
bookshelf/bookshelf_0649,4,4,4,4
bookshelf/bookshelf_0650,4,4,4,4
bookshelf/bookshelf_0651,4,4,4,4
bookshelf/bookshelf_0652,4,4,11,11
bookshelf/bookshelf_0653,4,4,4,4
bookshelf/bookshelf_0654,4,4,4,4
bookshelf/bookshelf_0655,4,4,4,4
bookshelf/bookshelf_0656,4,4,4,4
bookshelf/bookshelf_0657,4,4,4,4
bookshelf/bookshelf_0658,4,36,36,4
bookshelf/bookshelf_0659,4,4,4,4
bookshelf/bookshelf_0660,4,4,4,4
bookshelf/bookshelf_0661,4,4,4,4
bookshelf/bookshelf_0662,4,4,4,4
bookshelf/bookshelf_0663,4,4,4,4
bookshelf/bookshelf_0664,4,4,4,4
bookshelf/bookshelf_0665,4,4,4,4
bookshelf/bookshelf_0666,4,4,4,4
bookshelf/bookshelf_0667,4,4,4,4
bookshelf/bookshelf_0668,4,5,5,5
bookshelf/bookshelf_0669,4,4,4,4
bookshelf/bookshelf_0670,4,39,39,4
bookshelf/bookshelf_0671,4,4,4,4
bookshelf/bookshelf_0672,4,11,11,11
bottle/bottle_0336,5,5,5,5
bottle/bottle_0337,5,5,5,5
bottle/bottle_0338,5,5,5,5
bottle/bottle_0339,5,5,5,5
bottle/bottle_0340,5,5,5,5
bottle/bottle_0341,5,5,5,5
bottle/bottle_0342,5,5,5,5
bottle/bottle_0343,5,5,5,5
bottle/bottle_0344,5,5,5,5
bottle/bottle_0345,5,5,5,5
bottle/bottle_0346,5,5,5,5
bottle/bottle_0347,5,5,5,5
bottle/bottle_0348,5,5,5,5
bottle/bottle_0349,5,5,5,5
bottle/bottle_0350,5,37,5,5
bottle/bottle_0351,5,5,5,5
bottle/bottle_0352,5,5,5,5
bottle/bottle_0353,5,5,5,5
bottle/bottle_0354,5,5,5,5
bottle/bottle_0355,5,24,35,5
bottle/bottle_0356,5,37,5,5
bottle/bottle_0357,5,37,37,37
bottle/bottle_0358,5,37,37,5
bottle/bottle_0359,5,5,5,5
bottle/bottle_0360,5,5,5,5
bottle/bottle_0361,5,5,5,5
bottle/bottle_0362,5,5,5,5
bottle/bottle_0363,5,5,5,24
bottle/bottle_0364,5,5,5,5
bottle/bottle_0365,5,5,5,5
bottle/bottle_0366,5,5,5,5
bottle/bottle_0367,5,5,5,5
bottle/bottle_0368,5,5,5,5
bottle/bottle_0369,5,5,5,5
bottle/bottle_0370,5,5,5,5
bottle/bottle_0371,5,5,5,5
bottle/bottle_0372,5,5,5,5
bottle/bottle_0373,5,37,5,5
bottle/bottle_0374,5,5,5,5
bottle/bottle_0375,5,5,5,37
bottle/bottle_0376,5,5,5,5
bottle/bottle_0377,5,5,5,5
bottle/bottle_0378,5,5,5,5
bottle/bottle_0379,5,37,5,5
bottle/bottle_0380,5,5,5,5
bottle/bottle_0381,5,5,5,5
bottle/bottle_0382,5,37,37,5
bottle/bottle_0383,5,11,5,15
bottle/bottle_0384,5,5,5,5
bottle/bottle_0385,5,5,5,5
bottle/bottle_0386,5,5,5,5
bottle/bottle_0387,5,37,37,10
bottle/bottle_0388,5,5,5,5
bottle/bottle_0389,5,5,5,5
bottle/bottle_0390,5,5,5,5
bottle/bottle_0391,5,5,5,5
bottle/bottle_0392,5,5,5,5
bottle/bottle_0393,5,5,5,5
bottle/bottle_0394,5,5,5,5
bottle/bottle_0395,5,5,5,5
bottle/bottle_0396,5,5,5,5
bottle/bottle_0397,5,5,5,5
bottle/bottle_0398,5,5,5,5
bottle/bottle_0399,5,5,5,5
bottle/bottle_0400,5,5,5,5
bottle/bottle_0401,5,5,5,5
bottle/bottle_0402,5,5,5,5
bottle/bottle_0403,5,5,5,5
bottle/bottle_0404,5,5,5,5
bottle/bottle_0405,5,37,5,37
bottle/bottle_0406,5,5,5,5
bottle/bottle_0407,5,5,5,5
bottle/bottle_0408,5,37,37,5
bottle/bottle_0409,5,5,5,5
bottle/bottle_0410,5,5,5,5
bottle/bottle_0411,5,5,5,37
bottle/bottle_0412,5,5,5,5
bottle/bottle_0413,5,5,5,5
bottle/bottle_0414,5,38,5,24
bottle/bottle_0415,5,5,5,5
bottle/bottle_0416,5,37,5,5
bottle/bottle_0417,5,5,5,5
bottle/bottle_0418,5,5,5,5
bottle/bottle_0419,5,5,5,5
bottle/bottle_0420,5,5,5,5
bottle/bottle_0421,5,37,5,5
bottle/bottle_0422,5,5,5,5
bottle/bottle_0423,5,11,5,5
bottle/bottle_0424,5,5,5,5
bottle/bottle_0425,5,5,24,5
bottle/bottle_0426,5,5,5,5
bottle/bottle_0427,5,5,5,5
bottle/bottle_0428,5,5,5,5
bottle/bottle_0429,5,5,5,5
bottle/bottle_0430,5,5,5,5
bottle/bottle_0431,5,37,37,5
bottle/bottle_0432,5,5,5,5
bottle/bottle_0433,5,37,37,5
bottle/bottle_0434,5,5,5,37
bottle/bottle_0435,5,37,5,5
bowl/bowl_0065,6,6,6,6
bowl/bowl_0066,6,6,6,6
bowl/bowl_0067,6,34,15,6
bowl/bowl_0068,6,6,6,6
bowl/bowl_0069,6,6,6,6
bowl/bowl_0070,6,6,6,6
bowl/bowl_0071,6,6,6,6
bowl/bowl_0072,6,6,6,6
bowl/bowl_0073,6,6,6,6
bowl/bowl_0074,6,6,6,37
bowl/bowl_0075,6,6,6,6
bowl/bowl_0076,6,34,34,6
bowl/bowl_0077,6,2,26,8
bowl/bowl_0078,6,6,6,6
bowl/bowl_0079,6,6,6,6
bowl/bowl_0080,6,6,29,6
bowl/bowl_0081,6,6,6,6
bowl/bowl_0082,6,6,6,6
bowl/bowl_0083,6,6,6,6
bowl/bowl_0084,6,6,6,6
car/car_0198,7,7,7,7
car/car_0199,7,7,7,7
car/car_0200,7,7,7,7
car/car_0201,7,7,7,7
car/car_0202,7,1,1,7
car/car_0203,7,7,7,7
car/car_0204,7,7,7,7
car/car_0205,7,7,7,7
car/car_0206,7,7,7,7
car/car_0207,7,7,7,7
car/car_0208,7,7,7,7
car/car_0209,7,7,7,7
car/car_0210,7,7,7,7
car/car_0211,7,7,7,7
car/car_0212,7,7,7,7
car/car_0213,7,7,7,7
car/car_0214,7,7,7,7
car/car_0215,7,1,7,7
car/car_0216,7,7,7,7
car/car_0217,7,7,7,7
car/car_0218,7,7,7,7
car/car_0219,7,7,7,7
car/car_0220,7,7,7,7
car/car_0221,7,7,7,7
car/car_0222,7,7,7,7
car/car_0223,7,7,7,7
car/car_0224,7,7,7,7
car/car_0225,7,7,7,7
car/car_0226,7,7,2,7
car/car_0227,7,7,7,7
car/car_0228,7,7,7,7
car/car_0229,7,7,7,7
car/car_0230,7,7,7,7
car/car_0231,7,7,7,7
car/car_0232,7,34,34,34
car/car_0233,7,7,7,7
car/car_0234,7,7,7,7
car/car_0235,7,7,7,7
car/car_0236,7,30,30,3
car/car_0237,7,7,7,7
car/car_0238,7,7,7,7
car/car_0239,7,7,7,7
car/car_0240,7,7,7,7
car/car_0241,7,7,7,7
car/car_0242,7,1,7,7
car/car_0243,7,7,7,7
car/car_0244,7,7,7,7
car/car_0245,7,7,7,7
car/car_0246,7,7,7,7
car/car_0247,7,7,7,7
car/car_0248,7,7,7,7
car/car_0249,7,7,7,7
car/car_0250,7,7,7,7
car/car_0251,7,7,7,7
car/car_0252,7,3,3,7
car/car_0253,7,7,7,7
car/car_0254,7,7,7,7
car/car_0255,7,7,7,7
car/car_0256,7,7,7,7
car/car_0257,7,7,7,7
car/car_0258,7,7,36,7
car/car_0259,7,7,7,7
car/car_0260,7,7,7,7
car/car_0261,7,7,7,7
car/car_0262,7,7,7,7
car/car_0263,7,7,2,7
car/car_0264,7,7,7,7
car/car_0265,7,7,7,7
car/car_0266,7,1,7,7
car/car_0267,7,1,7,7
car/car_0268,7,7,7,7
car/car_0269,7,7,7,7
car/car_0270,7,7,7,7
car/car_0271,7,7,7,7
car/car_0272,7,7,7,7
car/car_0273,7,7,7,7
car/car_0274,7,34,7,7
car/car_0275,7,7,7,7
car/car_0276,7,7,7,7
car/car_0277,7,7,7,7
car/car_0278,7,7,7,7
car/car_0279,7,7,7,7
car/car_0280,7,7,7,7
car/car_0281,7,7,7,7
car/car_0282,7,7,7,7
car/car_0283,7,34,2,34
car/car_0284,7,7,7,7
car/car_0285,7,7,7,7
car/car_0286,7,27,7,7
car/car_0287,7,7,7,7
car/car_0288,7,7,7,7
car/car_0289,7,7,7,7
car/car_0290,7,7,7,7
car/car_0291,7,7,7,7
car/car_0292,7,7,7,7
car/car_0293,7,7,7,7
car/car_0294,7,7,7,7
car/car_0295,7,7,7,7
car/car_0296,7,7,7,7
car/car_0297,7,7,7,7
chair/chair_0890,8,8,8,8
chair/chair_0891,8,8,8,8
chair/chair_0892,8,35,8,8
chair/chair_0893,8,8,31,8
chair/chair_0894,8,8,8,8
chair/chair_0895,8,8,8,8
chair/chair_0896,8,35,8,8
chair/chair_0897,8,8,8,8
chair/chair_0898,8,4,37,8
chair/chair_0899,8,8,8,8
chair/chair_0900,8,8,8,8
chair/chair_0901,8,8,8,8
chair/chair_0902,8,8,8,8
chair/chair_0903,8,2,8,8
chair/chair_0904,8,8,8,8
chair/chair_0905,8,8,8,8
chair/chair_0906,8,8,8,8
chair/chair_0907,8,8,19,8
chair/chair_0908,8,8,8,8
chair/chair_0909,8,8,8,8
chair/chair_0910,8,8,8,8
chair/chair_0911,8,8,8,8
chair/chair_0912,8,8,8,8
chair/chair_0913,8,2,8,8
chair/chair_0914,8,8,8,8
chair/chair_0915,8,25,25,8
chair/chair_0916,8,8,35,8
chair/chair_0917,8,8,8,8
chair/chair_0918,8,8,8,8
chair/chair_0919,8,8,8,8
chair/chair_0920,8,19,19,8
chair/chair_0921,8,8,8,8
chair/chair_0922,8,8,8,8
chair/chair_0923,8,8,8,8
chair/chair_0924,8,8,8,8
chair/chair_0925,8,8,8,8
chair/chair_0926,8,8,8,8
chair/chair_0927,8,8,8,8
chair/chair_0928,8,8,8,8
chair/chair_0929,8,8,8,8
chair/chair_0930,8,8,8,8
chair/chair_0931,8,8,8,8
chair/chair_0932,8,8,8,8
chair/chair_0933,8,8,8,8
chair/chair_0934,8,8,8,20
chair/chair_0935,8,6,8,20
chair/chair_0936,8,8,8,8
chair/chair_0937,8,8,8,8
chair/chair_0938,8,8,8,8
chair/chair_0939,8,8,8,8
chair/chair_0940,8,8,8,8
chair/chair_0941,8,8,8,8
chair/chair_0942,8,8,8,8
chair/chair_0943,8,8,8,8
chair/chair_0944,8,8,8,8
chair/chair_0945,8,8,8,8
chair/chair_0946,8,20,8,20
chair/chair_0947,8,8,8,8
chair/chair_0948,8,8,8,8
chair/chair_0949,8,8,8,8
chair/chair_0950,8,20,20,20
chair/chair_0951,8,8,8,8
chair/chair_0952,8,8,8,8
chair/chair_0953,8,8,8,26
chair/chair_0954,8,8,8,8
chair/chair_0955,8,36,8,8
chair/chair_0956,8,8,8,8
chair/chair_0957,8,8,8,8
chair/chair_0958,8,35,8,8
chair/chair_0959,8,8,8,8
chair/chair_0960,8,8,8,8
chair/chair_0961,8,8,8,8
chair/chair_0962,8,8,8,8
chair/chair_0963,8,8,8,8
chair/chair_0964,8,8,8,8
chair/chair_0965,8,8,8,8
chair/chair_0966,8,8,8,8
chair/chair_0967,8,8,8,8
chair/chair_0968,8,8,8,8
chair/chair_0969,8,8,8,8
chair/chair_0970,8,8,8,8
chair/chair_0971,8,8,8,8
chair/chair_0972,8,8,8,8
chair/chair_0973,8,8,8,8
chair/chair_0974,8,8,8,8
chair/chair_0975,8,8,8,8
chair/chair_0976,8,8,8,8
chair/chair_0977,8,8,8,8
chair/chair_0978,8,8,8,8
chair/chair_0979,8,8,8,8
chair/chair_0980,8,8,8,8
chair/chair_0981,8,8,8,8
chair/chair_0982,8,8,8,8
chair/chair_0983,8,8,8,8
chair/chair_0984,8,8,8,8
chair/chair_0985,8,8,8,8
chair/chair_0986,8,8,8,8
chair/chair_0987,8,8,8,8
chair/chair_0988,8,8,8,8
chair/chair_0989,8,8,8,8
cone/cone_0168,9,9,9,9
cone/cone_0169,9,9,9,9
cone/cone_0170,9,9,9,9
cone/cone_0171,9,9,9,9
cone/cone_0172,9,9,9,9
cone/cone_0173,9,5,5,37
cone/cone_0174,9,34,34,34
cone/cone_0175,9,9,9,9
cone/cone_0176,9,15,26,5
cone/cone_0177,9,9,9,9
cone/cone_0178,9,9,9,9
cone/cone_0179,9,9,9,9
cone/cone_0180,9,9,9,9
cone/cone_0181,9,6,34,9
cone/cone_0182,9,22,9,28
cone/cone_0183,9,9,9,9
cone/cone_0184,9,9,9,9
cone/cone_0185,9,9,9,9
cone/cone_0186,9,9,9,9
cone/cone_0187,9,9,9,9
cup/cup_0080,10,34,8,10
cup/cup_0081,10,37,37,37
cup/cup_0082,10,34,34,37
cup/cup_0083,10,6,6,6
cup/cup_0084,10,37,10,10
cup/cup_0085,10,32,10,26
cup/cup_0086,10,37,37,10
cup/cup_0087,10,32,10,10
cup/cup_0088,10,37,37,10
cup/cup_0089,10,10,10,10
cup/cup_0090,10,37,37,37
cup/cup_0091,10,10,8,10
cup/cup_0092,10,5,9,37
cup/cup_0093,10,23,23,37
cup/cup_0094,10,10,10,10
cup/cup_0095,10,19,10,10
cup/cup_0096,10,14,23,4
cup/cup_0097,10,37,37,10
cup/cup_0098,10,35,8,10
cup/cup_0099,10,10,37,10
curtain/curtain_0139,11,5,11,11
curtain/curtain_0140,11,11,22,11
curtain/curtain_0141,11,22,22,22
curtain/curtain_0142,11,36,22,22
curtain/curtain_0143,11,36,36,22
curtain/curtain_0144,11,24,11,11
curtain/curtain_0145,11,4,11,11
curtain/curtain_0146,11,11,11,11
curtain/curtain_0147,11,11,11,11
curtain/curtain_0148,11,37,11,13
curtain/curtain_0149,11,5,5,24
curtain/curtain_0150,11,4,4,31
curtain/curtain_0151,11,11,11,11
curtain/curtain_0152,11,11,11,11
curtain/curtain_0153,11,11,11,11
curtain/curtain_0154,11,11,22,11
curtain/curtain_0155,11,11,11,11
curtain/curtain_0156,11,4,11,11
curtain/curtain_0157,11,11,11,11
curtain/curtain_0158,11,5,11,11
desk/desk_0201,12,12,12,33
desk/desk_0202,12,33,12,12
desk/desk_0203,12,12,12,12
desk/desk_0204,12,22,12,33
desk/desk_0205,12,29,35,12
desk/desk_0206,12,12,12,12
desk/desk_0207,12,12,12,12
desk/desk_0208,12,33,12,12
desk/desk_0209,12,12,12,12
desk/desk_0210,12,33,33,33
desk/desk_0211,12,12,12,12
desk/desk_0212,12,12,12,12
desk/desk_0213,12,33,33,12
desk/desk_0214,12,12,12,12
desk/desk_0215,12,2,12,12
desk/desk_0216,12,12,12,12
desk/desk_0217,12,22,12,39
desk/desk_0218,12,33,33,12
desk/desk_0219,12,12,12,12
desk/desk_0220,12,12,12,12
desk/desk_0221,12,2,12,33
desk/desk_0222,12,12,12,12
desk/desk_0223,12,2,12,12
desk/desk_0224,12,12,12,36
desk/desk_0225,12,1,12,12
desk/desk_0226,12,12,30,12
desk/desk_0227,12,12,12,12
desk/desk_0228,12,12,12,12
desk/desk_0229,12,12,12,12
desk/desk_0230,12,12,12,12
desk/desk_0231,12,12,12,12
desk/desk_0232,12,12,12,12
desk/desk_0233,12,12,12,12
desk/desk_0234,12,33,33,33
desk/desk_0235,12,12,30,12
desk/desk_0236,12,12,12,12
desk/desk_0237,12,30,12,12
desk/desk_0238,12,33,12,12
desk/desk_0239,12,12,12,12
desk/desk_0240,12,12,12,12
desk/desk_0241,12,12,12,12
desk/desk_0242,12,33,33,33
desk/desk_0243,12,30,30,30
desk/desk_0244,12,12,12,12
desk/desk_0245,12,23,23,33
desk/desk_0246,12,12,12,12
desk/desk_0247,12,12,12,12
desk/desk_0248,12,2,2,12
desk/desk_0249,12,12,12,12
desk/desk_0250,12,12,12,12
desk/desk_0251,12,12,33,33
desk/desk_0252,12,26,26,22
desk/desk_0253,12,12,30,12
desk/desk_0254,12,2,33,33
desk/desk_0255,12,33,33,12
desk/desk_0256,12,30,30,12
desk/desk_0257,12,12,12,12
desk/desk_0258,12,12,12,33
desk/desk_0259,12,11,26,23
desk/desk_0260,12,12,12,12
desk/desk_0261,12,33,35,12
desk/desk_0262,12,12,12,12
desk/desk_0263,12,0,12,12
desk/desk_0264,12,12,12,12
desk/desk_0265,12,12,33,12
desk/desk_0266,12,14,14,12
desk/desk_0267,12,12,12,12
desk/desk_0268,12,33,12,33
desk/desk_0269,12,12,12,14
desk/desk_0270,12,12,12,12
desk/desk_0271,12,30,30,12
desk/desk_0272,12,12,12,12
desk/desk_0273,12,12,12,12
desk/desk_0274,12,12,30,12
desk/desk_0275,12,12,12,33
desk/desk_0276,12,12,12,12
desk/desk_0277,12,12,12,12
desk/desk_0278,12,12,35,36
desk/desk_0279,12,23,12,12
desk/desk_0280,12,12,12,12
desk/desk_0281,12,25,30,16
desk/desk_0282,12,12,12,12
desk/desk_0283,12,12,12,12
desk/desk_0284,12,29,8,12
desk/desk_0285,12,12,12,12
desk/desk_0286,12,12,12,29
door/door_0110,13,4,13,13
door/door_0111,13,4,13,13
door/door_0112,13,11,13,13
door/door_0113,13,11,13,13
door/door_0114,13,13,13,13
door/door_0115,13,11,13,11
door/door_0116,13,13,13,13
door/door_0117,13,13,13,13
door/door_0118,13,13,13,11
door/door_0119,13,4,13,13
door/door_0120,13,13,13,13
door/door_0121,13,13,38,13
door/door_0122,13,13,13,13
door/door_0123,13,13,13,13
door/door_0124,13,11,4,38
door/door_0125,13,13,13,13
door/door_0126,13,13,13,13
door/door_0127,13,13,13,13
door/door_0128,13,13,13,11
door/door_0129,13,13,13,13
dresser/dresser_0201,14,23,14,23
dresser/dresser_0202,14,14,14,14
dresser/dresser_0203,14,14,14,14
dresser/dresser_0204,14,14,14,14
dresser/dresser_0205,14,14,14,14
dresser/dresser_0206,14,14,14,23
dresser/dresser_0207,14,14,14,14
dresser/dresser_0208,14,14,37,14
dresser/dresser_0209,14,14,14,14
dresser/dresser_0210,14,14,14,14
dresser/dresser_0211,14,14,23,14
dresser/dresser_0212,14,14,14,23
dresser/dresser_0213,14,14,14,14
dresser/dresser_0214,14,22,37,14
dresser/dresser_0215,14,14,23,14
dresser/dresser_0216,14,14,14,14
dresser/dresser_0217,14,14,14,14
dresser/dresser_0218,14,14,14,14
dresser/dresser_0219,14,12,23,23
dresser/dresser_0220,14,14,14,14
dresser/dresser_0221,14,14,14,14
dresser/dresser_0222,14,14,14,14
dresser/dresser_0223,14,22,9,21
dresser/dresser_0224,14,23,23,14
dresser/dresser_0225,14,14,14,14
dresser/dresser_0226,14,14,14,14
dresser/dresser_0227,14,35,23,14
dresser/dresser_0228,14,14,14,14
dresser/dresser_0229,14,14,14,14
dresser/dresser_0230,14,14,14,14
dresser/dresser_0231,14,14,23,23
dresser/dresser_0232,14,14,22,39
dresser/dresser_0233,14,12,23,23
dresser/dresser_0234,14,14,14,14
dresser/dresser_0235,14,23,23,14
dresser/dresser_0236,14,23,23,23
dresser/dresser_0237,14,14,14,14
dresser/dresser_0238,14,14,39,14
dresser/dresser_0239,14,14,14,23
dresser/dresser_0240,14,23,23,14
dresser/dresser_0241,14,22,22,10
dresser/dresser_0242,14,14,14,14
dresser/dresser_0243,14,14,14,14
dresser/dresser_0244,14,14,14,14
dresser/dresser_0245,14,35,37,39
dresser/dresser_0246,14,14,23,14
dresser/dresser_0247,14,14,14,14
dresser/dresser_0248,14,14,14,14
dresser/dresser_0249,14,22,22,14
dresser/dresser_0250,14,23,23,14
dresser/dresser_0251,14,14,14,14
dresser/dresser_0252,14,14,23,14
dresser/dresser_0253,14,14,23,14
dresser/dresser_0254,14,14,14,14
dresser/dresser_0255,14,14,14,14
dresser/dresser_0256,14,14,14,14
dresser/dresser_0257,14,14,23,23
dresser/dresser_0258,14,30,30,36
dresser/dresser_0259,14,14,14,23
dresser/dresser_0260,14,14,14,14
dresser/dresser_0261,14,14,14,14
dresser/dresser_0262,14,14,14,14
dresser/dresser_0263,14,14,14,14
dresser/dresser_0264,14,23,14,23
dresser/dresser_0265,14,14,14,14
dresser/dresser_0266,14,14,14,14
dresser/dresser_0267,14,23,14,14
dresser/dresser_0268,14,14,14,14
dresser/dresser_0269,14,23,23,14
dresser/dresser_0270,14,14,14,14
dresser/dresser_0271,14,14,14,14
dresser/dresser_0272,14,14,23,23
dresser/dresser_0273,14,23,23,14
dresser/dresser_0274,14,14,23,14
dresser/dresser_0275,14,14,14,14
dresser/dresser_0276,14,14,14,14
dresser/dresser_0277,14,23,14,14
dresser/dresser_0278,14,22,26,14
dresser/dresser_0279,14,14,14,14
dresser/dresser_0280,14,14,14,14
dresser/dresser_0281,14,14,14,14
dresser/dresser_0282,14,14,14,23
dresser/dresser_0283,14,14,14,14
dresser/dresser_0284,14,14,14,14
dresser/dresser_0285,14,14,14,14
dresser/dresser_0286,14,14,14,22
flower_pot/flower_pot_0150,15,4,24,26
flower_pot/flower_pot_0151,15,33,33,31
flower_pot/flower_pot_0152,15,26,26,26
flower_pot/flower_pot_0153,15,37,37,37
flower_pot/flower_pot_0154,15,26,26,26
flower_pot/flower_pot_0155,15,37,37,37
flower_pot/flower_pot_0156,15,26,26,26
flower_pot/flower_pot_0157,15,26,26,26
flower_pot/flower_pot_0158,15,26,26,5
flower_pot/flower_pot_0159,15,5,5,37
flower_pot/flower_pot_0160,15,37,37,37
flower_pot/flower_pot_0161,15,5,26,26
flower_pot/flower_pot_0162,15,37,37,10
flower_pot/flower_pot_0163,15,37,37,37
flower_pot/flower_pot_0164,15,26,26,26
flower_pot/flower_pot_0165,15,15,12,26
flower_pot/flower_pot_0166,15,26,26,26
flower_pot/flower_pot_0167,15,37,37,26
flower_pot/flower_pot_0168,15,5,24,26
flower_pot/flower_pot_0169,15,5,5,26
glass_box/glass_box_0172,16,16,16,16
glass_box/glass_box_0173,16,16,16,16
glass_box/glass_box_0174,16,16,16,16
glass_box/glass_box_0175,16,16,16,16
glass_box/glass_box_0176,16,16,16,16
glass_box/glass_box_0177,16,16,16,16
glass_box/glass_box_0178,16,16,16,16
glass_box/glass_box_0179,16,16,16,16
glass_box/glass_box_0180,16,16,16,16
glass_box/glass_box_0181,16,16,16,16
glass_box/glass_box_0182,16,4,11,4
glass_box/glass_box_0183,16,16,16,16
glass_box/glass_box_0184,16,16,16,16
glass_box/glass_box_0185,16,16,16,16
glass_box/glass_box_0186,16,16,16,16
glass_box/glass_box_0187,16,16,16,16
glass_box/glass_box_0188,16,27,27,27
glass_box/glass_box_0189,16,16,16,16
glass_box/glass_box_0190,16,16,16,16
glass_box/glass_box_0191,16,16,16,16
glass_box/glass_box_0192,16,16,16,16
glass_box/glass_box_0193,16,16,16,16
glass_box/glass_box_0194,16,16,16,16
glass_box/glass_box_0195,16,16,16,16
glass_box/glass_box_0196,16,16,16,16
glass_box/glass_box_0197,16,16,16,16
glass_box/glass_box_0198,16,16,16,16
glass_box/glass_box_0199,16,16,16,16
glass_box/glass_box_0200,16,16,16,16
glass_box/glass_box_0201,16,16,16,16
glass_box/glass_box_0202,16,25,8,16
glass_box/glass_box_0203,16,16,16,16
glass_box/glass_box_0204,16,16,16,16
glass_box/glass_box_0205,16,16,16,16
glass_box/glass_box_0206,16,16,2,16
glass_box/glass_box_0207,16,16,16,16
glass_box/glass_box_0208,16,16,16,16
glass_box/glass_box_0209,16,16,16,16
glass_box/glass_box_0210,16,16,16,16
glass_box/glass_box_0211,16,16,16,16
glass_box/glass_box_0212,16,16,16,16
glass_box/glass_box_0213,16,16,16,16
glass_box/glass_box_0214,16,16,16,16
glass_box/glass_box_0215,16,16,16,16
glass_box/glass_box_0216,16,16,16,16
glass_box/glass_box_0217,16,16,16,16
glass_box/glass_box_0218,16,16,16,16
glass_box/glass_box_0219,16,16,16,16
glass_box/glass_box_0220,16,16,16,16
glass_box/glass_box_0221,16,16,16,16
glass_box/glass_box_0222,16,16,16,16
glass_box/glass_box_0223,16,16,16,16
glass_box/glass_box_0224,16,16,16,16
glass_box/glass_box_0225,16,1,2,27
glass_box/glass_box_0226,16,16,16,16
glass_box/glass_box_0227,16,16,16,16
glass_box/glass_box_0228,16,16,16,16
glass_box/glass_box_0229,16,16,16,16
glass_box/glass_box_0230,16,16,16,16
glass_box/glass_box_0231,16,16,16,16
glass_box/glass_box_0232,16,16,16,16
glass_box/glass_box_0233,16,16,16,16
glass_box/glass_box_0234,16,16,16,16
glass_box/glass_box_0235,16,16,16,16
glass_box/glass_box_0236,16,16,16,16
glass_box/glass_box_0237,16,34,27,16
glass_box/glass_box_0238,16,16,16,16
glass_box/glass_box_0239,16,16,16,16
glass_box/glass_box_0240,16,16,16,16
glass_box/glass_box_0241,16,16,16,16
glass_box/glass_box_0242,16,16,16,16
glass_box/glass_box_0243,16,25,26,36
glass_box/glass_box_0244,16,16,16,16
glass_box/glass_box_0245,16,16,16,16
glass_box/glass_box_0246,16,16,16,16
glass_box/glass_box_0247,16,16,16,16
glass_box/glass_box_0248,16,16,16,16
glass_box/glass_box_0249,16,16,16,16
glass_box/glass_box_0250,16,16,16,16
glass_box/glass_box_0251,16,16,16,16
glass_box/glass_box_0252,16,16,16,16
glass_box/glass_box_0253,16,16,16,16
glass_box/glass_box_0254,16,16,16,16
glass_box/glass_box_0255,16,16,16,16
glass_box/glass_box_0256,16,16,16,16
glass_box/glass_box_0257,16,16,16,16
glass_box/glass_box_0258,16,16,16,16
glass_box/glass_box_0259,16,16,16,16
glass_box/glass_box_0260,16,16,16,16
glass_box/glass_box_0261,16,16,23,12
glass_box/glass_box_0262,16,16,16,16
glass_box/glass_box_0263,16,16,16,16
glass_box/glass_box_0264,16,16,16,16
glass_box/glass_box_0265,16,16,16,16
glass_box/glass_box_0266,16,16,16,16
glass_box/glass_box_0267,16,37,22,16
glass_box/glass_box_0268,16,16,16,16
glass_box/glass_box_0269,16,16,16,16
glass_box/glass_box_0270,16,16,16,16
glass_box/glass_box_0271,16,16,16,16
guitar/guitar_0156,17,17,17,0
guitar/guitar_0157,17,17,17,17
guitar/guitar_0158,17,17,17,17
guitar/guitar_0159,17,17,17,17
guitar/guitar_0160,17,17,17,17
guitar/guitar_0161,17,0,17,17
guitar/guitar_0162,17,17,17,17
guitar/guitar_0163,17,17,17,17
guitar/guitar_0164,17,17,17,17
guitar/guitar_0165,17,17,17,17
guitar/guitar_0166,17,17,17,17
guitar/guitar_0167,17,17,17,17
guitar/guitar_0168,17,17,17,17
guitar/guitar_0169,17,17,17,17
guitar/guitar_0170,17,17,17,17
guitar/guitar_0171,17,17,17,17
guitar/guitar_0172,17,17,17,17
guitar/guitar_0173,17,17,17,17
guitar/guitar_0174,17,17,17,17
guitar/guitar_0175,17,17,17,17
guitar/guitar_0176,17,17,17,17
guitar/guitar_0177,17,17,17,17
guitar/guitar_0178,17,18,17,17
guitar/guitar_0179,17,17,17,17
guitar/guitar_0180,17,17,17,17
guitar/guitar_0181,17,17,17,17
guitar/guitar_0182,17,17,17,17
guitar/guitar_0183,17,17,17,17
guitar/guitar_0184,17,17,17,17
guitar/guitar_0185,17,17,17,17
guitar/guitar_0186,17,17,17,17
guitar/guitar_0187,17,17,17,17
guitar/guitar_0188,17,17,17,17
guitar/guitar_0189,17,17,17,17
guitar/guitar_0190,17,17,17,17
guitar/guitar_0191,17,25,17,0
guitar/guitar_0192,17,17,17,17
guitar/guitar_0193,17,17,17,17
guitar/guitar_0194,17,17,17,17
guitar/guitar_0195,17,18,0,2
guitar/guitar_0196,17,0,17,17
guitar/guitar_0197,17,17,17,17
guitar/guitar_0198,17,17,17,17
guitar/guitar_0199,17,17,17,17
guitar/guitar_0200,17,0,17,17
guitar/guitar_0201,17,17,17,17
guitar/guitar_0202,17,17,17,17
guitar/guitar_0203,17,17,17,17
guitar/guitar_0204,17,17,17,17
guitar/guitar_0205,17,17,17,17
guitar/guitar_0206,17,17,17,17
guitar/guitar_0207,17,5,5,5
guitar/guitar_0208,17,17,17,17
guitar/guitar_0209,17,17,17,17
guitar/guitar_0210,17,17,17,17
guitar/guitar_0211,17,17,17,17
guitar/guitar_0212,17,17,17,17
guitar/guitar_0213,17,17,17,17
guitar/guitar_0214,17,17,17,17
guitar/guitar_0215,17,17,17,17
guitar/guitar_0216,17,17,17,17
guitar/guitar_0217,17,17,17,17
guitar/guitar_0218,17,17,17,17
guitar/guitar_0219,17,17,17,17
guitar/guitar_0220,17,17,17,17
guitar/guitar_0221,17,17,17,17
guitar/guitar_0222,17,17,17,17
guitar/guitar_0223,17,17,17,17
guitar/guitar_0224,17,17,17,17
guitar/guitar_0225,17,17,17,17
guitar/guitar_0226,17,17,17,17
guitar/guitar_0227,17,17,17,17
guitar/guitar_0228,17,17,17,17
guitar/guitar_0229,17,17,17,17
guitar/guitar_0230,17,17,17,17
guitar/guitar_0231,17,17,17,17
guitar/guitar_0232,17,17,17,17
guitar/guitar_0233,17,17,17,17
guitar/guitar_0234,17,17,17,17
guitar/guitar_0235,17,17,17,17
guitar/guitar_0236,17,17,17,17
guitar/guitar_0237,17,17,17,17
guitar/guitar_0238,17,17,17,17
guitar/guitar_0239,17,17,17,17
guitar/guitar_0240,17,17,17,17
guitar/guitar_0241,17,17,17,17
guitar/guitar_0242,17,17,17,17
guitar/guitar_0243,17,17,17,17
guitar/guitar_0244,17,17,17,17
guitar/guitar_0245,17,17,17,17
guitar/guitar_0246,17,17,0,0
guitar/guitar_0247,17,17,17,17
guitar/guitar_0248,17,17,17,17
guitar/guitar_0249,17,18,17,17
guitar/guitar_0250,17,17,17,17
guitar/guitar_0251,17,17,17,17
guitar/guitar_0252,17,17,17,17
guitar/guitar_0253,17,17,17,17
guitar/guitar_0254,17,17,17,17
guitar/guitar_0255,17,17,17,17
keyboard/keyboard_0146,18,18,18,20
keyboard/keyboard_0147,18,18,18,18
keyboard/keyboard_0148,18,31,18,18
keyboard/keyboard_0149,18,18,18,18
keyboard/keyboard_0150,18,18,18,18
keyboard/keyboard_0151,18,0,18,18
keyboard/keyboard_0152,18,27,18,18
keyboard/keyboard_0153,18,18,18,18
keyboard/keyboard_0154,18,18,18,18
keyboard/keyboard_0155,18,18,18,18
keyboard/keyboard_0156,18,3,18,18
keyboard/keyboard_0157,18,18,18,18
keyboard/keyboard_0158,18,18,18,18
keyboard/keyboard_0159,18,18,18,18
keyboard/keyboard_0160,18,18,18,18
keyboard/keyboard_0161,18,0,18,18
keyboard/keyboard_0162,18,2,18,18
keyboard/keyboard_0163,18,18,18,18
keyboard/keyboard_0164,18,18,18,18
keyboard/keyboard_0165,18,18,18,18
lamp/lamp_0125,19,19,8,9
lamp/lamp_0126,19,19,19,19
lamp/lamp_0127,19,26,37,19
lamp/lamp_0128,19,19,19,19
lamp/lamp_0129,19,23,23,37
lamp/lamp_0130,19,19,37,38
lamp/lamp_0131,19,19,19,19
lamp/lamp_0132,19,13,19,19
lamp/lamp_0133,19,19,19,19
lamp/lamp_0134,19,19,19,19
lamp/lamp_0135,19,19,19,19
lamp/lamp_0136,19,19,19,19
lamp/lamp_0137,19,19,19,19
lamp/lamp_0138,19,13,13,19
lamp/lamp_0139,19,19,19,19
lamp/lamp_0140,19,5,5,19
lamp/lamp_0141,19,4,24,11
lamp/lamp_0142,19,19,19,19
lamp/lamp_0143,19,19,19,19
lamp/lamp_0144,19,12,8,12
laptop/laptop_0150,20,20,20,20
laptop/laptop_0151,20,20,20,20
laptop/laptop_0152,20,20,20,20
laptop/laptop_0153,20,20,20,20
laptop/laptop_0154,20,20,20,20
laptop/laptop_0155,20,20,20,20
laptop/laptop_0156,20,20,20,20
laptop/laptop_0157,20,20,20,20
laptop/laptop_0158,20,20,20,20
laptop/laptop_0159,20,39,8,20
laptop/laptop_0160,20,20,20,20
laptop/laptop_0161,20,20,20,20
laptop/laptop_0162,20,20,20,20
laptop/laptop_0163,20,28,20,20
laptop/laptop_0164,20,20,20,20
laptop/laptop_0165,20,20,20,20
laptop/laptop_0166,20,20,20,20
laptop/laptop_0167,20,20,20,20
laptop/laptop_0168,20,20,20,20
laptop/laptop_0169,20,20,20,20
mantel/mantel_0285,21,21,21,21
mantel/mantel_0286,21,21,21,21
mantel/mantel_0287,21,21,21,21
mantel/mantel_0288,21,21,21,21
mantel/mantel_0289,21,21,21,21
mantel/mantel_0290,21,21,21,21
mantel/mantel_0291,21,21,21,21
mantel/mantel_0292,21,21,21,21
mantel/mantel_0293,21,21,21,21
mantel/mantel_0294,21,21,21,21
mantel/mantel_0295,21,21,21,21
mantel/mantel_0296,21,21,21,21
mantel/mantel_0297,21,21,21,21
mantel/mantel_0298,21,21,21,21
mantel/mantel_0299,21,21,21,21
mantel/mantel_0300,21,21,21,21
mantel/mantel_0301,21,21,21,21
mantel/mantel_0302,21,21,21,21
mantel/mantel_0303,21,4,4,4
mantel/mantel_0304,21,21,21,21
mantel/mantel_0305,21,4,21,21
mantel/mantel_0306,21,21,21,21
mantel/mantel_0307,21,21,21,21
mantel/mantel_0308,21,21,21,21
mantel/mantel_0309,21,21,21,21
mantel/mantel_0310,21,21,21,21
mantel/mantel_0311,21,21,21,21
mantel/mantel_0312,21,21,21,21
mantel/mantel_0313,21,21,21,21
mantel/mantel_0314,21,21,21,21
mantel/mantel_0315,21,21,21,21
mantel/mantel_0316,21,21,21,21
mantel/mantel_0317,21,21,21,21
mantel/mantel_0318,21,21,21,21
mantel/mantel_0319,21,21,21,21
mantel/mantel_0320,21,31,22,22
mantel/mantel_0321,21,21,21,21
mantel/mantel_0322,21,21,21,21
mantel/mantel_0323,21,21,21,21
mantel/mantel_0324,21,21,21,21
mantel/mantel_0325,21,21,21,21
mantel/mantel_0326,21,21,21,21
mantel/mantel_0327,21,21,21,21
mantel/mantel_0328,21,21,21,21
mantel/mantel_0329,21,21,21,21
mantel/mantel_0330,21,21,21,21
mantel/mantel_0331,21,21,21,21
mantel/mantel_0332,21,21,21,21
mantel/mantel_0333,21,4,4,21
mantel/mantel_0334,21,21,21,21
mantel/mantel_0335,21,21,8,21
mantel/mantel_0336,21,21,21,21
mantel/mantel_0337,21,21,21,21
mantel/mantel_0338,21,21,21,21
mantel/mantel_0339,21,21,21,21
mantel/mantel_0340,21,21,21,21
mantel/mantel_0341,21,21,21,21
mantel/mantel_0342,21,21,21,21
mantel/mantel_0343,21,21,21,21
mantel/mantel_0344,21,21,21,21
mantel/mantel_0345,21,21,21,21
mantel/mantel_0346,21,21,21,21
mantel/mantel_0347,21,21,21,21
mantel/mantel_0348,21,21,21,21
mantel/mantel_0349,21,21,21,21
mantel/mantel_0350,21,21,21,21
mantel/mantel_0351,21,21,21,21
mantel/mantel_0352,21,21,21,21
mantel/mantel_0353,21,21,21,21
mantel/mantel_0354,21,21,21,21
mantel/mantel_0355,21,21,21,21
mantel/mantel_0356,21,21,21,21
mantel/mantel_0357,21,21,21,21
mantel/mantel_0358,21,21,21,21
mantel/mantel_0359,21,11,4,21
mantel/mantel_0360,21,21,21,21
mantel/mantel_0361,21,21,21,21
mantel/mantel_0362,21,8,4,13
mantel/mantel_0363,21,21,21,21
mantel/mantel_0364,21,21,21,21
mantel/mantel_0365,21,22,33,12
mantel/mantel_0366,21,38,25,38
mantel/mantel_0367,21,21,21,21
mantel/mantel_0368,21,21,21,21
mantel/mantel_0369,21,21,21,21
mantel/mantel_0370,21,21,21,21
mantel/mantel_0371,21,21,21,21
mantel/mantel_0372,21,21,21,21
mantel/mantel_0373,21,21,4,21
mantel/mantel_0374,21,4,21,21
mantel/mantel_0375,21,11,11,29
mantel/mantel_0376,21,21,21,21
mantel/mantel_0377,21,21,21,21
mantel/mantel_0378,21,27,21,21
mantel/mantel_0379,21,21,21,21
mantel/mantel_0380,21,21,21,21
mantel/mantel_0381,21,21,21,21
mantel/mantel_0382,21,21,21,21
mantel/mantel_0383,21,21,21,21
mantel/mantel_0384,21,22,22,22
monitor/monitor_0466,22,19,12,26
monitor/monitor_0467,22,22,22,22
monitor/monitor_0468,22,22,22,22
monitor/monitor_0469,22,22,22,22
monitor/monitor_0470,22,22,22,22
monitor/monitor_0471,22,22,22,22
monitor/monitor_0472,22,22,22,22
monitor/monitor_0473,22,22,22,22
monitor/monitor_0474,22,22,22,22
monitor/monitor_0475,22,22,22,22
monitor/monitor_0476,22,22,22,22
monitor/monitor_0477,22,22,22,22
monitor/monitor_0478,22,22,22,22
monitor/monitor_0479,22,22,22,22
monitor/monitor_0480,22,22,22,22
monitor/monitor_0481,22,22,22,39
monitor/monitor_0482,22,22,22,22
monitor/monitor_0483,22,22,22,22
monitor/monitor_0484,22,22,22,22
monitor/monitor_0485,22,22,22,22
monitor/monitor_0486,22,22,22,22
monitor/monitor_0487,22,35,20,22
monitor/monitor_0488,22,27,25,12
monitor/monitor_0489,22,22,22,22
monitor/monitor_0490,22,22,22,22
monitor/monitor_0491,22,22,22,22
monitor/monitor_0492,22,13,22,22
monitor/monitor_0493,22,22,22,22
monitor/monitor_0494,22,19,22,22
monitor/monitor_0495,22,22,22,22
monitor/monitor_0496,22,22,22,22
monitor/monitor_0497,22,14,14,22
monitor/monitor_0498,22,22,22,22
monitor/monitor_0499,22,22,22,22
monitor/monitor_0500,22,22,12,22
monitor/monitor_0501,22,22,22,22
monitor/monitor_0502,22,22,22,22
monitor/monitor_0503,22,22,22,22
monitor/monitor_0504,22,22,22,22
monitor/monitor_0505,22,22,22,22
monitor/monitor_0506,22,23,22,14
monitor/monitor_0507,22,20,20,20
monitor/monitor_0508,22,22,22,22
monitor/monitor_0509,22,22,22,22
monitor/monitor_0510,22,22,22,22
monitor/monitor_0511,22,11,22,22
monitor/monitor_0512,22,11,22,22
monitor/monitor_0513,22,22,22,22
monitor/monitor_0514,22,22,22,22
monitor/monitor_0515,22,22,22,22
monitor/monitor_0516,22,22,22,22
monitor/monitor_0517,22,22,22,22
monitor/monitor_0518,22,22,22,22
monitor/monitor_0519,22,22,22,22
monitor/monitor_0520,22,22,22,22
monitor/monitor_0521,22,22,22,22
monitor/monitor_0522,22,22,22,22
monitor/monitor_0523,22,22,22,22
monitor/monitor_0524,22,22,22,22
monitor/monitor_0525,22,22,22,22
monitor/monitor_0526,22,22,22,22
monitor/monitor_0527,22,22,22,22
monitor/monitor_0528,22,22,22,22
monitor/monitor_0529,22,22,22,22
monitor/monitor_0530,22,22,22,22
monitor/monitor_0531,22,22,22,22
monitor/monitor_0532,22,22,22,22
monitor/monitor_0533,22,22,22,22
monitor/monitor_0534,22,22,22,22
monitor/monitor_0535,22,11,22,22
monitor/monitor_0536,22,22,22,22
monitor/monitor_0537,22,22,22,22
monitor/monitor_0538,22,12,22,22
monitor/monitor_0539,22,22,22,22
monitor/monitor_0540,22,22,22,22
monitor/monitor_0541,22,22,22,22
monitor/monitor_0542,22,22,22,22
monitor/monitor_0543,22,22,22,22
monitor/monitor_0544,22,22,22,22
monitor/monitor_0545,22,22,22,22
monitor/monitor_0546,22,22,22,22
monitor/monitor_0547,22,22,22,22
monitor/monitor_0548,22,22,22,22
monitor/monitor_0549,22,22,22,22
monitor/monitor_0550,22,22,22,22
monitor/monitor_0551,22,22,22,22
monitor/monitor_0552,22,22,22,22
monitor/monitor_0553,22,22,22,22
monitor/monitor_0554,22,22,22,22
monitor/monitor_0555,22,22,22,22
monitor/monitor_0556,22,22,22,22
monitor/monitor_0557,22,22,22,22
monitor/monitor_0558,22,22,22,22
monitor/monitor_0559,22,22,22,22
monitor/monitor_0560,22,22,22,22
monitor/monitor_0561,22,22,22,22
monitor/monitor_0562,22,22,22,22
monitor/monitor_0563,22,22,22,22
monitor/monitor_0564,22,22,22,22
monitor/monitor_0565,22,22,22,22
night_stand/night_stand_0201,23,8,8,33
night_stand/night_stand_0202,23,23,23,14
night_stand/night_stand_0203,23,37,15,23
night_stand/night_stand_0204,23,23,14,14
night_stand/night_stand_0205,23,10,26,4
night_stand/night_stand_0206,23,23,12,12
night_stand/night_stand_0207,23,33,33,33
night_stand/night_stand_0208,23,14,23,23
night_stand/night_stand_0209,23,23,23,23
night_stand/night_stand_0210,23,23,10,23
night_stand/night_stand_0211,23,23,23,23
night_stand/night_stand_0212,23,32,8,33
night_stand/night_stand_0213,23,23,23,23
night_stand/night_stand_0214,23,15,23,16
night_stand/night_stand_0215,23,14,23,14
night_stand/night_stand_0216,23,23,33,23
night_stand/night_stand_0217,23,5,32,32
night_stand/night_stand_0218,23,23,26,23
night_stand/night_stand_0219,23,23,23,23
night_stand/night_stand_0220,23,14,23,23
night_stand/night_stand_0221,23,14,9,14
night_stand/night_stand_0222,23,14,14,14
night_stand/night_stand_0223,23,14,14,14
night_stand/night_stand_0224,23,23,23,14
night_stand/night_stand_0225,23,23,23,23
night_stand/night_stand_0226,23,23,23,14
night_stand/night_stand_0227,23,23,14,23
night_stand/night_stand_0228,23,12,23,23
night_stand/night_stand_0229,23,23,23,23
night_stand/night_stand_0230,23,23,23,23
night_stand/night_stand_0231,23,14,14,36
night_stand/night_stand_0232,23,23,23,23
night_stand/night_stand_0233,23,23,23,23
night_stand/night_stand_0234,23,23,23,33
night_stand/night_stand_0235,23,23,23,14
night_stand/night_stand_0236,23,23,23,23
night_stand/night_stand_0237,23,23,23,23
night_stand/night_stand_0238,23,14,23,23
night_stand/night_stand_0239,23,15,23,23
night_stand/night_stand_0240,23,23,15,14
night_stand/night_stand_0241,23,14,14,23
night_stand/night_stand_0242,23,33,23,23
night_stand/night_stand_0243,23,23,23,23
night_stand/night_stand_0244,23,14,14,14
night_stand/night_stand_0245,23,23,37,23
night_stand/night_stand_0246,23,12,36,33
night_stand/night_stand_0247,23,14,23,14
night_stand/night_stand_0248,23,23,23,23
night_stand/night_stand_0249,23,26,37,32
night_stand/night_stand_0250,23,33,33,8
night_stand/night_stand_0251,23,23,23,23
night_stand/night_stand_0252,23,14,14,14
night_stand/night_stand_0253,23,23,14,23
night_stand/night_stand_0254,23,23,14,23
night_stand/night_stand_0255,23,23,23,23
night_stand/night_stand_0256,23,12,23,14
night_stand/night_stand_0257,23,23,14,14
night_stand/night_stand_0258,23,14,14,23
night_stand/night_stand_0259,23,23,23,23
night_stand/night_stand_0260,23,23,23,14
night_stand/night_stand_0261,23,23,23,23
night_stand/night_stand_0262,23,14,23,14
night_stand/night_stand_0263,23,23,23,23
night_stand/night_stand_0264,23,32,23,23
night_stand/night_stand_0265,23,14,23,14
night_stand/night_stand_0266,23,14,23,23
night_stand/night_stand_0267,23,23,32,12
night_stand/night_stand_0268,23,23,23,23
night_stand/night_stand_0269,23,10,36,4
night_stand/night_stand_0270,23,23,23,14
night_stand/night_stand_0271,23,23,23,23
night_stand/night_stand_0272,23,14,14,14
night_stand/night_stand_0273,23,8,37,23
night_stand/night_stand_0274,23,23,23,23
night_stand/night_stand_0275,23,14,23,14
night_stand/night_stand_0276,23,23,14,14
night_stand/night_stand_0277,23,14,14,14
night_stand/night_stand_0278,23,33,33,33
night_stand/night_stand_0279,23,23,14,14
night_stand/night_stand_0280,23,37,8,23
night_stand/night_stand_0281,23,23,23,23
night_stand/night_stand_0282,23,33,33,33
night_stand/night_stand_0283,23,33,8,33
night_stand/night_stand_0284,23,14,23,14
night_stand/night_stand_0285,23,23,23,36
night_stand/night_stand_0286,23,14,14,14
person/person_0089,24,13,24,24
person/person_0090,24,37,24,26
person/person_0091,24,24,4,5
person/person_0092,24,11,24,11
person/person_0093,24,26,11,24
person/person_0094,24,24,11,24
person/person_0095,24,26,24,24
person/person_0096,24,24,24,24
person/person_0097,24,37,4,24
person/person_0098,24,26,24,26
person/person_0099,24,24,11,5
person/person_0100,24,13,24,24
person/person_0101,24,26,11,24
person/person_0102,24,24,24,24
person/person_0103,24,26,24,24
person/person_0104,24,37,24,19
person/person_0105,24,24,24,24
person/person_0106,24,24,24,24
person/person_0107,24,26,24,24
person/person_0108,24,37,24,26
piano/piano_0232,25,25,25,25
piano/piano_0233,25,25,25,25
piano/piano_0234,25,25,25,34
piano/piano_0235,25,8,8,25
piano/piano_0236,25,33,33,33
piano/piano_0237,25,17,25,25
piano/piano_0238,25,25,25,25
piano/piano_0239,25,23,34,25
piano/piano_0240,25,25,25,25
piano/piano_0241,25,25,25,25
piano/piano_0242,25,25,25,25
piano/piano_0243,25,25,25,25
piano/piano_0244,25,25,25,25
piano/piano_0245,25,38,8,21
piano/piano_0246,25,25,25,25
piano/piano_0247,25,25,25,25
piano/piano_0248,25,36,36,25
piano/piano_0249,25,8,8,8
piano/piano_0250,25,4,4,28
piano/piano_0251,25,25,25,25
piano/piano_0252,25,25,25,25
piano/piano_0253,25,25,25,25
piano/piano_0254,25,25,25,25
piano/piano_0255,25,25,25,25
piano/piano_0256,25,25,36,3
piano/piano_0257,25,25,25,25
piano/piano_0258,25,25,25,25
piano/piano_0259,25,25,22,25
piano/piano_0260,25,25,25,25
piano/piano_0261,25,20,25,20
piano/piano_0262,25,25,25,25
piano/piano_0263,25,25,25,25
piano/piano_0264,25,25,25,25
piano/piano_0265,25,25,25,25
piano/piano_0266,25,5,0,17
piano/piano_0267,25,11,11,25
piano/piano_0268,25,25,25,25
piano/piano_0269,25,4,4,25
piano/piano_0270,25,8,8,25
piano/piano_0271,25,25,25,25
piano/piano_0272,25,9,2,34
piano/piano_0273,25,25,25,25
piano/piano_0274,25,36,25,25
piano/piano_0275,25,25,25,25
piano/piano_0276,25,25,25,25
piano/piano_0277,25,25,25,25
piano/piano_0278,25,25,25,25
piano/piano_0279,25,25,25,25
piano/piano_0280,25,25,25,25
piano/piano_0281,25,25,25,25
piano/piano_0282,25,4,4,4
piano/piano_0283,25,25,25,25
piano/piano_0284,25,25,25,0
piano/piano_0285,25,4,4,25
piano/piano_0286,25,4,25,25
piano/piano_0287,25,25,36,21
piano/piano_0288,25,25,21,36
piano/piano_0289,25,25,25,25
piano/piano_0290,25,28,25,28
piano/piano_0291,25,25,25,25
piano/piano_0292,25,25,4,25
piano/piano_0293,25,25,25,25
piano/piano_0294,25,27,27,25
piano/piano_0295,25,25,25,25
piano/piano_0296,25,29,2,33
piano/piano_0297,25,1,30,34
piano/piano_0298,25,20,20,2
piano/piano_0299,25,25,25,25
piano/piano_0300,25,25,25,25
piano/piano_0301,25,25,25,25
piano/piano_0302,25,25,25,25
piano/piano_0303,25,25,25,25
piano/piano_0304,25,36,4,25
piano/piano_0305,25,25,25,25
piano/piano_0306,25,22,33,25
piano/piano_0307,25,25,25,25
piano/piano_0308,25,10,8,31
piano/piano_0309,25,25,25,25
piano/piano_0310,25,28,28,28
piano/piano_0311,25,25,25,25
piano/piano_0312,25,25,25,25
piano/piano_0313,25,8,8,21
piano/piano_0314,25,25,25,25
piano/piano_0315,25,36,25,36
piano/piano_0316,25,0,0,25
piano/piano_0317,25,25,25,25
piano/piano_0318,25,25,25,25
piano/piano_0319,25,25,25,25
piano/piano_0320,25,25,25,25
piano/piano_0321,25,25,25,25
piano/piano_0322,25,12,12,33
piano/piano_0323,25,29,0,25
piano/piano_0324,25,27,34,25
piano/piano_0325,25,25,25,21
piano/piano_0326,25,23,23,25
piano/piano_0327,25,25,25,25
piano/piano_0328,25,36,36,3
piano/piano_0329,25,25,25,25
piano/piano_0330,25,25,4,25
piano/piano_0331,25,25,25,25
plant/plant_0241,26,26,26,26
plant/plant_0242,26,26,26,26
plant/plant_0243,26,26,26,26
plant/plant_0244,26,26,26,26
plant/plant_0245,26,26,26,26
plant/plant_0246,26,5,5,5
plant/plant_0247,26,37,26,26
plant/plant_0248,26,8,8,26
plant/plant_0249,26,26,26,26
plant/plant_0250,26,5,24,26
plant/plant_0251,26,24,24,26
plant/plant_0252,26,0,30,18
plant/plant_0253,26,26,26,26
plant/plant_0254,26,5,15,26
plant/plant_0255,26,26,0,26
plant/plant_0256,26,26,26,26
plant/plant_0257,26,26,26,26
plant/plant_0258,26,15,15,15
plant/plant_0259,26,24,24,26
plant/plant_0260,26,26,26,15
plant/plant_0261,26,24,5,37
plant/plant_0262,26,26,26,26
plant/plant_0263,26,26,24,26
plant/plant_0264,26,26,15,15
plant/plant_0265,26,26,26,26
plant/plant_0266,26,26,26,26
plant/plant_0267,26,24,24,24
plant/plant_0268,26,26,26,26
plant/plant_0269,26,26,12,26
plant/plant_0270,26,24,24,26
plant/plant_0271,26,26,26,26
plant/plant_0272,26,4,4,8
plant/plant_0273,26,26,26,26
plant/plant_0274,26,26,26,26
plant/plant_0275,26,15,24,26
plant/plant_0276,26,26,26,24
plant/plant_0277,26,26,26,26
plant/plant_0278,26,26,26,28
plant/plant_0279,26,26,26,26
plant/plant_0280,26,26,26,26
plant/plant_0281,26,4,4,19
plant/plant_0282,26,26,26,26
plant/plant_0283,26,19,32,32
plant/plant_0284,26,24,26,26
plant/plant_0285,26,37,26,26
plant/plant_0286,26,27,27,19
plant/plant_0287,26,5,5,26
plant/plant_0288,26,26,26,26
plant/plant_0289,26,26,26,26
plant/plant_0290,26,37,9,15
plant/plant_0291,26,26,37,26
plant/plant_0292,26,26,37,26
plant/plant_0293,26,37,26,26
plant/plant_0294,26,26,26,26
plant/plant_0295,26,9,37,15
plant/plant_0296,26,37,10,33
plant/plant_0297,26,26,26,26
plant/plant_0298,26,32,32,19
plant/plant_0299,26,26,26,26
plant/plant_0300,26,37,37,26
plant/plant_0301,26,5,5,5
plant/plant_0302,26,19,26,26
plant/plant_0303,26,26,26,26
plant/plant_0304,26,26,26,26
plant/plant_0305,26,26,26,26
plant/plant_0306,26,37,26,26
plant/plant_0307,26,26,37,26
plant/plant_0308,26,26,26,26
plant/plant_0309,26,26,26,26
plant/plant_0310,26,26,37,26
plant/plant_0311,26,15,26,26
plant/plant_0312,26,8,8,26
plant/plant_0313,26,26,26,26
plant/plant_0314,26,26,26,26
plant/plant_0315,26,26,26,26
plant/plant_0316,26,26,26,26
plant/plant_0317,26,26,16,37
plant/plant_0318,26,9,9,26
plant/plant_0319,26,22,22,26
plant/plant_0320,26,26,37,26
plant/plant_0321,26,26,26,26
plant/plant_0322,26,19,19,19
plant/plant_0323,26,8,8,26
plant/plant_0324,26,37,5,26
plant/plant_0325,26,26,15,15
plant/plant_0326,26,26,26,26
plant/plant_0327,26,26,24,19
plant/plant_0328,26,8,4,26
plant/plant_0329,26,26,26,26
plant/plant_0330,26,26,26,26
plant/plant_0331,26,26,26,26
plant/plant_0332,26,26,26,26
plant/plant_0333,26,26,26,26
plant/plant_0334,26,26,26,26
plant/plant_0335,26,5,24,11
plant/plant_0336,26,26,26,26
plant/plant_0337,26,26,8,26
plant/plant_0338,26,26,11,26
plant/plant_0339,26,9,9,9
plant/plant_0340,26,24,24,24
radio/radio_0105,27,6,26,17
radio/radio_0106,27,0,0,11
radio/radio_0107,27,14,24,13
radio/radio_0108,27,11,36,36
radio/radio_0109,27,27,27,27
radio/radio_0110,27,8,8,8
radio/radio_0111,27,22,21,10
radio/radio_0112,27,27,27,34
radio/radio_0113,27,2,2,27
radio/radio_0114,27,27,27,4
radio/radio_0115,27,27,36,16
radio/radio_0116,27,12,36,36
radio/radio_0117,27,25,25,27
radio/radio_0118,27,1,34,34
radio/radio_0119,27,4,36,27
radio/radio_0120,27,27,27,27
radio/radio_0121,27,27,27,27
radio/radio_0122,27,27,36,16
radio/radio_0123,27,36,36,16
radio/radio_0124,27,27,27,27
range_hood/range_hood_0116,28,25,28,36
range_hood/range_hood_0117,28,28,28,36
range_hood/range_hood_0118,28,28,34,28
range_hood/range_hood_0119,28,28,21,28
range_hood/range_hood_0120,28,28,28,28
range_hood/range_hood_0121,28,28,28,28
range_hood/range_hood_0122,28,28,28,28
range_hood/range_hood_0123,28,28,28,28
range_hood/range_hood_0124,28,28,28,28
range_hood/range_hood_0125,28,28,28,28
range_hood/range_hood_0126,28,28,28,28
range_hood/range_hood_0127,28,28,28,28
range_hood/range_hood_0128,28,28,28,28
range_hood/range_hood_0129,28,28,28,28
range_hood/range_hood_0130,28,28,28,28
range_hood/range_hood_0131,28,28,28,28
range_hood/range_hood_0132,28,28,28,28
range_hood/range_hood_0133,28,28,28,28
range_hood/range_hood_0134,28,28,28,28
range_hood/range_hood_0135,28,36,36,28
range_hood/range_hood_0136,28,28,28,28
range_hood/range_hood_0137,28,28,28,28
range_hood/range_hood_0138,28,37,28,28
range_hood/range_hood_0139,28,21,21,21
range_hood/range_hood_0140,28,28,21,21
range_hood/range_hood_0141,28,28,28,28
range_hood/range_hood_0142,28,28,28,28
range_hood/range_hood_0143,28,28,28,28
range_hood/range_hood_0144,28,29,29,3
range_hood/range_hood_0145,28,21,21,28
range_hood/range_hood_0146,28,36,36,28
range_hood/range_hood_0147,28,28,28,28
range_hood/range_hood_0148,28,28,28,28
range_hood/range_hood_0149,28,28,28,28
range_hood/range_hood_0150,28,28,28,28
range_hood/range_hood_0151,28,28,28,28
range_hood/range_hood_0152,28,28,28,28
range_hood/range_hood_0153,28,28,28,28
range_hood/range_hood_0154,28,28,8,28
range_hood/range_hood_0155,28,28,28,28
range_hood/range_hood_0156,28,28,28,28
range_hood/range_hood_0157,28,27,21,21
range_hood/range_hood_0158,28,27,20,27
range_hood/range_hood_0159,28,28,28,28
range_hood/range_hood_0160,28,28,28,28
range_hood/range_hood_0161,28,28,28,28
range_hood/range_hood_0162,28,28,28,28
range_hood/range_hood_0163,28,28,28,28
range_hood/range_hood_0164,28,28,8,28
range_hood/range_hood_0165,28,8,4,38
range_hood/range_hood_0166,28,28,37,28
range_hood/range_hood_0167,28,28,21,28
range_hood/range_hood_0168,28,28,28,28
range_hood/range_hood_0169,28,21,28,28
range_hood/range_hood_0170,28,28,21,28
range_hood/range_hood_0171,28,28,21,28
range_hood/range_hood_0172,28,28,20,28
range_hood/range_hood_0173,28,20,34,20
range_hood/range_hood_0174,28,8,28,28
range_hood/range_hood_0175,28,28,28,28
range_hood/range_hood_0176,28,28,28,28
range_hood/range_hood_0177,28,28,28,28
range_hood/range_hood_0178,28,28,28,28
range_hood/range_hood_0179,28,28,28,28
range_hood/range_hood_0180,28,3,3,28
range_hood/range_hood_0181,28,28,28,28
range_hood/range_hood_0182,28,25,28,18
range_hood/range_hood_0183,28,20,20,20
range_hood/range_hood_0184,28,28,28,28
range_hood/range_hood_0185,28,28,28,28
range_hood/range_hood_0186,28,28,9,28
range_hood/range_hood_0187,28,28,9,28
range_hood/range_hood_0188,28,28,4,28
range_hood/range_hood_0189,28,25,27,25
range_hood/range_hood_0190,28,28,28,28
range_hood/range_hood_0191,28,28,28,28
range_hood/range_hood_0192,28,28,28,28
range_hood/range_hood_0193,28,28,28,28
range_hood/range_hood_0194,28,28,9,28
range_hood/range_hood_0195,28,28,8,37
range_hood/range_hood_0196,28,28,28,28
range_hood/range_hood_0197,28,22,22,34
range_hood/range_hood_0198,28,21,21,28
range_hood/range_hood_0199,28,21,36,28
range_hood/range_hood_0200,28,28,28,28
range_hood/range_hood_0201,28,28,36,28
range_hood/range_hood_0202,28,28,28,28
range_hood/range_hood_0203,28,28,28,28
range_hood/range_hood_0204,28,28,28,28
range_hood/range_hood_0205,28,28,28,28
range_hood/range_hood_0206,28,28,28,28
range_hood/range_hood_0207,28,28,28,28
range_hood/range_hood_0208,28,8,22,34
range_hood/range_hood_0209,28,28,20,28
range_hood/range_hood_0210,28,28,28,28
range_hood/range_hood_0211,28,28,28,28
range_hood/range_hood_0212,28,28,28,28
range_hood/range_hood_0213,28,28,28,28
range_hood/range_hood_0214,28,28,28,28
range_hood/range_hood_0215,28,28,21,28
sink/sink_0129,29,29,29,29
sink/sink_0130,29,29,29,29
sink/sink_0131,29,4,4,16
sink/sink_0132,29,9,1,19
sink/sink_0133,29,36,29,29
sink/sink_0134,29,21,31,29
sink/sink_0135,29,29,29,29
sink/sink_0136,29,16,8,16
sink/sink_0137,29,29,29,29
sink/sink_0138,29,7,29,29
sink/sink_0139,29,6,6,29
sink/sink_0140,29,36,4,29
sink/sink_0141,29,35,35,29
sink/sink_0142,29,29,2,1
sink/sink_0143,29,29,29,20
sink/sink_0144,29,0,0,20
sink/sink_0145,29,34,2,36
sink/sink_0146,29,29,2,29
sink/sink_0147,29,29,29,29
sink/sink_0148,29,8,8,4
sofa/sofa_0681,30,23,23,23
sofa/sofa_0682,30,12,23,10
sofa/sofa_0683,30,36,30,38
sofa/sofa_0684,30,30,30,30
sofa/sofa_0685,30,30,30,30
sofa/sofa_0686,30,30,30,30
sofa/sofa_0687,30,30,30,30
sofa/sofa_0688,30,30,12,30
sofa/sofa_0689,30,30,30,30
sofa/sofa_0690,30,30,30,30
sofa/sofa_0691,30,30,30,30
sofa/sofa_0692,30,30,30,30
sofa/sofa_0693,30,30,30,30
sofa/sofa_0694,30,30,30,30
sofa/sofa_0695,30,30,30,30
sofa/sofa_0696,30,30,30,30
sofa/sofa_0697,30,30,30,30
sofa/sofa_0698,30,30,30,30
sofa/sofa_0699,30,30,30,30
sofa/sofa_0700,30,30,30,30
sofa/sofa_0701,30,30,30,2
sofa/sofa_0702,30,30,30,30
sofa/sofa_0703,30,30,36,30
sofa/sofa_0704,30,30,30,30
sofa/sofa_0705,30,30,30,30
sofa/sofa_0706,30,1,1,30
sofa/sofa_0707,30,30,30,30
sofa/sofa_0708,30,30,30,30
sofa/sofa_0709,30,30,30,30
sofa/sofa_0710,30,30,30,30
sofa/sofa_0711,30,30,30,30
sofa/sofa_0712,30,30,30,30
sofa/sofa_0713,30,30,30,30
sofa/sofa_0714,30,30,30,30
sofa/sofa_0715,30,30,30,30
sofa/sofa_0716,30,30,30,30
sofa/sofa_0717,30,30,30,30
sofa/sofa_0718,30,30,30,30
sofa/sofa_0719,30,30,30,30
sofa/sofa_0720,30,30,30,30
sofa/sofa_0721,30,30,30,30
sofa/sofa_0722,30,30,30,30
sofa/sofa_0723,30,30,30,30
sofa/sofa_0724,30,30,30,30
sofa/sofa_0725,30,30,30,30
sofa/sofa_0726,30,30,30,30
sofa/sofa_0727,30,30,30,30
sofa/sofa_0728,30,30,30,30
sofa/sofa_0729,30,30,30,30
sofa/sofa_0730,30,30,30,30
sofa/sofa_0731,30,30,30,30
sofa/sofa_0732,30,30,30,30
sofa/sofa_0733,30,30,30,30
sofa/sofa_0734,30,30,30,30
sofa/sofa_0735,30,30,30,30
sofa/sofa_0736,30,6,23,16
sofa/sofa_0737,30,30,30,30
sofa/sofa_0738,30,30,30,30
sofa/sofa_0739,30,30,30,30
sofa/sofa_0740,30,30,30,30
sofa/sofa_0741,30,30,30,30
sofa/sofa_0742,30,30,30,34
sofa/sofa_0743,30,30,30,30
sofa/sofa_0744,30,30,30,30
sofa/sofa_0745,30,30,30,30
sofa/sofa_0746,30,30,30,30
sofa/sofa_0747,30,30,30,30
sofa/sofa_0748,30,30,30,30
sofa/sofa_0749,30,30,30,30
sofa/sofa_0750,30,30,30,30
sofa/sofa_0751,30,30,30,30
sofa/sofa_0752,30,30,30,30
sofa/sofa_0753,30,30,30,36
sofa/sofa_0754,30,30,30,30
sofa/sofa_0755,30,30,2,2
sofa/sofa_0756,30,30,30,30
sofa/sofa_0757,30,30,30,30
sofa/sofa_0758,30,30,30,30
sofa/sofa_0759,30,30,30,30
sofa/sofa_0760,30,30,30,30
sofa/sofa_0761,30,30,30,30
sofa/sofa_0762,30,30,30,30
sofa/sofa_0763,30,30,30,30
sofa/sofa_0764,30,30,30,30
sofa/sofa_0765,30,30,30,30
sofa/sofa_0766,30,30,30,30
sofa/sofa_0767,30,30,30,30
sofa/sofa_0768,30,30,30,30
sofa/sofa_0769,30,30,30,30
sofa/sofa_0770,30,30,30,30
sofa/sofa_0771,30,30,30,30
sofa/sofa_0772,30,30,30,30
sofa/sofa_0773,30,30,30,30
sofa/sofa_0774,30,30,30,30
sofa/sofa_0775,30,30,30,30
sofa/sofa_0776,30,30,30,30
sofa/sofa_0777,30,30,30,30
sofa/sofa_0778,30,30,30,30
sofa/sofa_0779,30,30,30,30
sofa/sofa_0780,30,30,30,30
stairs/stairs_0125,31,31,4,31
stairs/stairs_0126,31,37,37,26
stairs/stairs_0127,31,31,31,31
stairs/stairs_0128,31,25,30,16
stairs/stairs_0129,31,8,39,31
stairs/stairs_0130,31,29,24,29
stairs/stairs_0131,31,3,3,34
stairs/stairs_0132,31,27,4,31
stairs/stairs_0133,31,4,4,31
stairs/stairs_0134,31,31,31,31
stairs/stairs_0135,31,37,37,31
stairs/stairs_0136,31,31,8,25
stairs/stairs_0137,31,10,8,25
stairs/stairs_0138,31,31,26,31
stairs/stairs_0139,31,31,31,19
stairs/stairs_0140,31,8,8,19
stairs/stairs_0141,31,27,31,34
stairs/stairs_0142,31,31,31,31
stairs/stairs_0143,31,18,36,12
stairs/stairs_0144,31,22,22,31
stool/stool_0091,32,5,32,32
stool/stool_0092,32,5,5,11
stool/stool_0093,32,13,37,37
stool/stool_0094,32,32,32,32
stool/stool_0095,32,19,19,8
stool/stool_0096,32,8,24,32
stool/stool_0097,32,13,31,32
stool/stool_0098,32,32,32,32
stool/stool_0099,32,13,31,32
stool/stool_0100,32,19,19,32
stool/stool_0101,32,32,32,32
stool/stool_0102,32,32,37,32
stool/stool_0103,32,19,23,19
stool/stool_0104,32,33,33,23
stool/stool_0105,32,19,32,19
stool/stool_0106,32,24,5,24
stool/stool_0107,32,32,19,32
stool/stool_0108,32,19,32,32
stool/stool_0109,32,32,32,32
stool/stool_0110,32,11,26,32
table/table_0393,33,33,33,33
table/table_0394,33,33,33,33
table/table_0395,33,33,33,12
table/table_0396,33,33,33,33
table/table_0397,33,33,12,33
table/table_0398,33,33,33,33
table/table_0399,33,33,33,33
table/table_0400,33,12,33,12
table/table_0401,33,33,12,12
table/table_0402,33,33,33,33
table/table_0403,33,33,33,12
table/table_0404,33,33,33,33
table/table_0405,33,33,33,33
table/table_0406,33,33,33,33
table/table_0407,33,33,33,33
table/table_0408,33,33,33,12
table/table_0409,33,33,12,33
table/table_0410,33,33,12,33
table/table_0411,33,33,12,12
table/table_0412,33,12,12,12
table/table_0413,33,33,33,33
table/table_0414,33,33,33,33
table/table_0415,33,33,33,12
table/table_0416,33,33,33,33
table/table_0417,33,33,33,33
table/table_0418,33,33,33,3
table/table_0419,33,3,33,33
table/table_0420,33,33,33,33
table/table_0421,33,33,33,33
table/table_0422,33,33,33,33
table/table_0423,33,33,33,33
table/table_0424,33,33,33,33
table/table_0425,33,33,33,33
table/table_0426,33,33,33,33
table/table_0427,33,12,12,12
table/table_0428,33,33,33,33
table/table_0429,33,12,12,12
table/table_0430,33,12,12,12
table/table_0431,33,33,33,33
table/table_0432,33,33,33,33
table/table_0433,33,33,33,33
table/table_0434,33,33,33,33
table/table_0435,33,12,3,12
table/table_0436,33,33,33,12
table/table_0437,33,33,33,33
table/table_0438,33,12,12,12
table/table_0439,33,3,12,12
table/table_0440,33,33,33,12
table/table_0441,33,33,33,12
table/table_0442,33,33,33,33
table/table_0443,33,33,33,33
table/table_0444,33,12,12,12
table/table_0445,33,33,33,33
table/table_0446,33,33,33,33
table/table_0447,33,33,33,33
table/table_0448,33,33,33,33
table/table_0449,33,3,3,33
table/table_0450,33,14,23,12
table/table_0451,33,33,33,33
table/table_0452,33,33,33,33
table/table_0453,33,33,33,33
table/table_0454,33,33,33,33
table/table_0455,33,33,33,33
table/table_0456,33,33,12,12
table/table_0457,33,33,33,33
table/table_0458,33,33,33,33
table/table_0459,33,12,12,12
table/table_0460,33,25,33,33
table/table_0461,33,33,33,33
table/table_0462,33,12,12,33
table/table_0463,33,33,33,12
table/table_0464,33,33,33,33
table/table_0465,33,33,33,33
table/table_0466,33,33,33,33
table/table_0467,33,33,33,12
table/table_0468,33,33,33,33
table/table_0469,33,12,12,12
table/table_0470,33,33,12,12
table/table_0471,33,33,33,12
table/table_0472,33,12,12,12
table/table_0473,33,33,33,33
table/table_0474,33,12,3,12
table/table_0475,33,33,33,33
table/table_0476,33,33,33,33
table/table_0477,33,2,33,33
table/table_0478,33,33,33,33
table/table_0479,33,12,12,33
table/table_0480,33,33,33,33
table/table_0481,33,33,12,33
table/table_0482,33,33,33,33
table/table_0483,33,33,33,33
table/table_0484,33,33,33,33
table/table_0485,33,3,2,34
table/table_0486,33,33,33,33
table/table_0487,33,33,33,33
table/table_0488,33,33,33,33
table/table_0489,33,33,33,33
table/table_0490,33,33,33,33
table/table_0491,33,33,12,33
table/table_0492,33,33,33,8
tent/tent_0164,34,34,1,34
tent/tent_0165,34,34,34,34
tent/tent_0166,34,34,34,34
tent/tent_0167,34,26,26,34
tent/tent_0168,34,29,29,28
tent/tent_0169,34,27,36,34
tent/tent_0170,34,0,0,18
tent/tent_0171,34,36,7,36
tent/tent_0172,34,36,34,12
tent/tent_0173,34,8,9,22
tent/tent_0174,34,34,34,34
tent/tent_0175,34,25,25,7
tent/tent_0176,34,34,34,34
tent/tent_0177,34,34,34,34
tent/tent_0178,34,34,2,34
tent/tent_0179,34,9,9,34
tent/tent_0180,34,6,34,34
tent/tent_0181,34,8,2,34
tent/tent_0182,34,34,2,34
tent/tent_0183,34,10,37,22
toilet/toilet_0345,35,35,35,35
toilet/toilet_0346,35,35,39,35
toilet/toilet_0347,35,35,35,2
toilet/toilet_0348,35,35,35,35
toilet/toilet_0349,35,35,35,35
toilet/toilet_0350,35,35,35,35
toilet/toilet_0351,35,35,35,35
toilet/toilet_0352,35,35,35,35
toilet/toilet_0353,35,35,35,35
toilet/toilet_0354,35,35,8,8
toilet/toilet_0355,35,35,35,35
toilet/toilet_0356,35,35,35,39
toilet/toilet_0357,35,8,8,35
toilet/toilet_0358,35,35,35,35
toilet/toilet_0359,35,35,35,35
toilet/toilet_0360,35,35,35,35
toilet/toilet_0361,35,35,35,35
toilet/toilet_0362,35,35,35,35
toilet/toilet_0363,35,35,35,35
toilet/toilet_0364,35,35,35,35
toilet/toilet_0365,35,35,35,35
toilet/toilet_0366,35,35,35,35
toilet/toilet_0367,35,35,35,35
toilet/toilet_0368,35,35,35,35
toilet/toilet_0369,35,35,35,35
toilet/toilet_0370,35,35,35,35
toilet/toilet_0371,35,35,35,35
toilet/toilet_0372,35,8,8,35
toilet/toilet_0373,35,35,8,35
toilet/toilet_0374,35,35,35,35
toilet/toilet_0375,35,35,35,35
toilet/toilet_0376,35,35,35,35
toilet/toilet_0377,35,35,35,35
toilet/toilet_0378,35,35,35,35
toilet/toilet_0379,35,35,35,35
toilet/toilet_0380,35,36,35,1
toilet/toilet_0381,35,35,35,35
toilet/toilet_0382,35,35,35,35
toilet/toilet_0383,35,35,35,35
toilet/toilet_0384,35,35,35,35
toilet/toilet_0385,35,35,35,35
toilet/toilet_0386,35,35,35,35
toilet/toilet_0387,35,35,35,35
toilet/toilet_0388,35,35,35,35
toilet/toilet_0389,35,35,8,35
toilet/toilet_0390,35,35,8,35
toilet/toilet_0391,35,35,35,35
toilet/toilet_0392,35,35,35,35
toilet/toilet_0393,35,35,8,35
toilet/toilet_0394,35,35,35,35
toilet/toilet_0395,35,35,35,35
toilet/toilet_0396,35,35,35,35
toilet/toilet_0397,35,35,35,35
toilet/toilet_0398,35,35,35,35
toilet/toilet_0399,35,35,35,35
toilet/toilet_0400,35,35,35,35
toilet/toilet_0401,35,35,35,35
toilet/toilet_0402,35,35,35,35
toilet/toilet_0403,35,35,35,35
toilet/toilet_0404,35,35,35,35
toilet/toilet_0405,35,35,35,23
toilet/toilet_0406,35,35,35,35
toilet/toilet_0407,35,35,35,35
toilet/toilet_0408,35,8,8,35
toilet/toilet_0409,35,35,35,35
toilet/toilet_0410,35,35,35,35
toilet/toilet_0411,35,35,35,35
toilet/toilet_0412,35,35,35,35
toilet/toilet_0413,35,35,35,35
toilet/toilet_0414,35,35,35,35
toilet/toilet_0415,35,35,35,35
toilet/toilet_0416,35,35,35,35
toilet/toilet_0417,35,35,35,35
toilet/toilet_0418,35,35,35,35
toilet/toilet_0419,35,35,35,35
toilet/toilet_0420,35,35,35,35
toilet/toilet_0421,35,35,35,35
toilet/toilet_0422,35,35,35,35
toilet/toilet_0423,35,35,35,35
toilet/toilet_0424,35,35,35,35
toilet/toilet_0425,35,35,35,35
toilet/toilet_0426,35,35,35,35
toilet/toilet_0427,35,35,35,35
toilet/toilet_0428,35,35,35,35
toilet/toilet_0429,35,35,35,35
toilet/toilet_0430,35,35,35,35
toilet/toilet_0431,35,35,35,35
toilet/toilet_0432,35,35,35,35
toilet/toilet_0433,35,35,35,35
toilet/toilet_0434,35,35,8,35
toilet/toilet_0435,35,35,35,35
toilet/toilet_0436,35,35,35,35
toilet/toilet_0437,35,35,35,35
toilet/toilet_0438,35,35,35,35
toilet/toilet_0439,35,35,35,35
toilet/toilet_0440,35,35,35,35
toilet/toilet_0441,35,35,35,35
toilet/toilet_0442,35,35,35,35
toilet/toilet_0443,35,35,35,35
toilet/toilet_0444,35,35,35,35
tv_stand/tv_stand_0268,36,36,36,36
tv_stand/tv_stand_0269,36,25,4,4
tv_stand/tv_stand_0270,36,36,3,36
tv_stand/tv_stand_0271,36,36,25,36
tv_stand/tv_stand_0272,36,36,36,36
tv_stand/tv_stand_0273,36,36,36,36
tv_stand/tv_stand_0274,36,25,8,12
tv_stand/tv_stand_0275,36,3,4,36
tv_stand/tv_stand_0276,36,36,36,36
tv_stand/tv_stand_0277,36,36,35,36
tv_stand/tv_stand_0278,36,36,36,36
tv_stand/tv_stand_0279,36,36,17,18
tv_stand/tv_stand_0280,36,36,36,36
tv_stand/tv_stand_0281,36,36,36,36
tv_stand/tv_stand_0282,36,2,33,33
tv_stand/tv_stand_0283,36,36,36,3
tv_stand/tv_stand_0284,36,36,36,16
tv_stand/tv_stand_0285,36,36,36,36
tv_stand/tv_stand_0286,36,36,36,36
tv_stand/tv_stand_0287,36,36,36,36
tv_stand/tv_stand_0288,36,4,21,4
tv_stand/tv_stand_0289,36,3,3,36
tv_stand/tv_stand_0290,36,15,37,36
tv_stand/tv_stand_0291,36,36,36,33
tv_stand/tv_stand_0292,36,25,25,36
tv_stand/tv_stand_0293,36,18,29,36
tv_stand/tv_stand_0294,36,36,36,36
tv_stand/tv_stand_0295,36,37,37,36
tv_stand/tv_stand_0296,36,34,2,0
tv_stand/tv_stand_0297,36,36,36,36
tv_stand/tv_stand_0298,36,36,36,36
tv_stand/tv_stand_0299,36,36,36,36
tv_stand/tv_stand_0300,36,36,36,36
tv_stand/tv_stand_0301,36,36,36,36
tv_stand/tv_stand_0302,36,36,3,36
tv_stand/tv_stand_0303,36,25,33,36
tv_stand/tv_stand_0304,36,34,25,36
tv_stand/tv_stand_0305,36,8,36,36
tv_stand/tv_stand_0306,36,36,36,36
tv_stand/tv_stand_0307,36,36,3,3
tv_stand/tv_stand_0308,36,36,33,36
tv_stand/tv_stand_0309,36,3,36,3
tv_stand/tv_stand_0310,36,36,36,12
tv_stand/tv_stand_0311,36,35,35,33
tv_stand/tv_stand_0312,36,36,36,36
tv_stand/tv_stand_0313,36,36,36,36
tv_stand/tv_stand_0314,36,12,14,14
tv_stand/tv_stand_0315,36,36,36,36
tv_stand/tv_stand_0316,36,21,36,36
tv_stand/tv_stand_0317,36,36,36,36
tv_stand/tv_stand_0318,36,36,36,36
tv_stand/tv_stand_0319,36,36,36,36
tv_stand/tv_stand_0320,36,36,36,12
tv_stand/tv_stand_0321,36,36,36,12
tv_stand/tv_stand_0322,36,36,36,36
tv_stand/tv_stand_0323,36,21,25,36
tv_stand/tv_stand_0324,36,36,22,36
tv_stand/tv_stand_0325,36,36,36,36
tv_stand/tv_stand_0326,36,36,36,36
tv_stand/tv_stand_0327,36,4,4,36
tv_stand/tv_stand_0328,36,36,36,36
tv_stand/tv_stand_0329,36,4,36,36
tv_stand/tv_stand_0330,36,3,36,36
tv_stand/tv_stand_0331,36,36,36,36
tv_stand/tv_stand_0332,36,36,36,36
tv_stand/tv_stand_0333,36,36,36,36
tv_stand/tv_stand_0334,36,2,33,36
tv_stand/tv_stand_0335,36,36,36,36
tv_stand/tv_stand_0336,36,36,4,16
tv_stand/tv_stand_0337,36,27,30,27
tv_stand/tv_stand_0338,36,4,36,36
tv_stand/tv_stand_0339,36,20,36,36
tv_stand/tv_stand_0340,36,36,36,36
tv_stand/tv_stand_0341,36,30,30,33
tv_stand/tv_stand_0342,36,36,36,36
tv_stand/tv_stand_0343,36,36,7,36
tv_stand/tv_stand_0344,36,35,36,33
tv_stand/tv_stand_0345,36,36,36,36
tv_stand/tv_stand_0346,36,36,36,36
tv_stand/tv_stand_0347,36,36,1,33
tv_stand/tv_stand_0348,36,36,25,36
tv_stand/tv_stand_0349,36,23,26,23
tv_stand/tv_stand_0350,36,3,36,36
tv_stand/tv_stand_0351,36,12,36,12
tv_stand/tv_stand_0352,36,36,25,16
tv_stand/tv_stand_0353,36,36,36,36
tv_stand/tv_stand_0354,36,4,4,36
tv_stand/tv_stand_0355,36,22,14,22
tv_stand/tv_stand_0356,36,36,36,36
tv_stand/tv_stand_0357,36,14,36,12
tv_stand/tv_stand_0358,36,4,3,36
tv_stand/tv_stand_0359,36,21,21,36
tv_stand/tv_stand_0360,36,36,36,36
tv_stand/tv_stand_0361,36,3,36,36
tv_stand/tv_stand_0362,36,23,23,23
tv_stand/tv_stand_0363,36,36,36,36
tv_stand/tv_stand_0364,36,27,27,36
tv_stand/tv_stand_0365,36,21,21,4
tv_stand/tv_stand_0366,36,36,36,36
tv_stand/tv_stand_0367,36,36,36,36
vase/vase_0476,37,37,37,37
vase/vase_0477,37,37,37,37
vase/vase_0478,37,37,37,15
vase/vase_0479,37,37,37,37
vase/vase_0480,37,37,37,10
vase/vase_0481,37,26,26,37
vase/vase_0482,37,5,37,37
vase/vase_0483,37,5,5,5
vase/vase_0484,37,26,37,37
vase/vase_0485,37,6,6,34
vase/vase_0486,37,37,37,37
vase/vase_0487,37,5,5,37
vase/vase_0488,37,37,37,37
vase/vase_0489,37,37,37,37
vase/vase_0490,37,37,37,10
vase/vase_0491,37,37,37,37
vase/vase_0492,37,37,37,37
vase/vase_0493,37,5,5,37
vase/vase_0494,37,5,5,5
vase/vase_0495,37,4,37,37
vase/vase_0496,37,37,37,37
vase/vase_0497,37,37,37,37
vase/vase_0498,37,37,37,37
vase/vase_0499,37,37,5,37
vase/vase_0500,37,37,37,37
vase/vase_0501,37,37,37,37
vase/vase_0502,37,37,37,37
vase/vase_0503,37,37,37,37
vase/vase_0504,37,37,37,37
vase/vase_0505,37,37,37,37
vase/vase_0506,37,37,37,37
vase/vase_0507,37,37,9,37
vase/vase_0508,37,5,5,37
vase/vase_0509,37,37,37,37
vase/vase_0510,37,37,37,37
vase/vase_0511,37,5,5,5
vase/vase_0512,37,5,5,37
vase/vase_0513,37,37,37,37
vase/vase_0514,37,37,37,37
vase/vase_0515,37,37,37,37
vase/vase_0516,37,37,37,37
vase/vase_0517,37,37,37,37
vase/vase_0518,37,37,37,37
vase/vase_0519,37,32,37,37
vase/vase_0520,37,37,37,37
vase/vase_0521,37,37,37,37
vase/vase_0522,37,37,37,5
vase/vase_0523,37,37,37,10
vase/vase_0524,37,37,37,37
vase/vase_0525,37,37,37,37
vase/vase_0526,37,37,37,37
vase/vase_0527,37,4,4,37
vase/vase_0528,37,37,33,37
vase/vase_0529,37,37,37,37
vase/vase_0530,37,37,37,4
vase/vase_0531,37,37,37,37
vase/vase_0532,37,37,37,37
vase/vase_0533,37,37,37,37
vase/vase_0534,37,16,16,16
vase/vase_0535,37,37,37,37
vase/vase_0536,37,10,37,10
vase/vase_0537,37,37,37,10
vase/vase_0538,37,5,37,37
vase/vase_0539,37,37,37,37
vase/vase_0540,37,37,37,37
vase/vase_0541,37,37,37,37
vase/vase_0542,37,37,37,37
vase/vase_0543,37,37,37,37
vase/vase_0544,37,37,37,37
vase/vase_0545,37,37,37,37
vase/vase_0546,37,37,37,37
vase/vase_0547,37,37,37,37
vase/vase_0548,37,37,37,10
vase/vase_0549,37,5,5,5
vase/vase_0550,37,37,5,37
vase/vase_0551,37,10,10,10
vase/vase_0552,37,37,37,37
vase/vase_0553,37,37,37,6
vase/vase_0554,37,37,37,37
vase/vase_0555,37,37,37,37
vase/vase_0556,37,5,5,37
vase/vase_0557,37,37,37,28
vase/vase_0558,37,37,37,37
vase/vase_0559,37,37,37,10
vase/vase_0560,37,34,34,34
vase/vase_0561,37,9,37,37
vase/vase_0562,37,37,37,37
vase/vase_0563,37,37,37,37
vase/vase_0564,37,5,37,37
vase/vase_0565,37,37,37,37
vase/vase_0566,37,37,37,37
vase/vase_0567,37,5,37,37
vase/vase_0568,37,5,5,5
vase/vase_0569,37,37,37,37
vase/vase_0570,37,37,37,37
vase/vase_0571,37,37,37,37
vase/vase_0572,37,5,37,37
vase/vase_0573,37,37,37,37
vase/vase_0574,37,37,37,37
vase/vase_0575,37,37,37,37
wardrobe/wardrobe_0088,38,38,38,38
wardrobe/wardrobe_0089,38,38,38,38
wardrobe/wardrobe_0090,38,38,38,38
wardrobe/wardrobe_0091,38,4,4,4
wardrobe/wardrobe_0092,38,4,4,38
wardrobe/wardrobe_0093,38,38,38,38
wardrobe/wardrobe_0094,38,38,38,38
wardrobe/wardrobe_0095,38,4,4,36
wardrobe/wardrobe_0096,38,38,38,38
wardrobe/wardrobe_0097,38,38,4,4
wardrobe/wardrobe_0098,38,22,22,38
wardrobe/wardrobe_0099,38,14,14,14
wardrobe/wardrobe_0100,38,4,4,4
wardrobe/wardrobe_0101,38,5,5,5
wardrobe/wardrobe_0102,38,4,38,38
wardrobe/wardrobe_0103,38,38,38,38
wardrobe/wardrobe_0104,38,5,38,38
wardrobe/wardrobe_0105,38,32,39,39
wardrobe/wardrobe_0106,38,38,38,38
wardrobe/wardrobe_0107,38,38,37,38
xbox/xbox_0104,39,22,22,22
xbox/xbox_0105,39,22,22,22
xbox/xbox_0106,39,22,22,22
xbox/xbox_0107,39,39,4,39
xbox/xbox_0108,39,5,39,39
xbox/xbox_0109,39,38,37,8
xbox/xbox_0110,39,39,22,39
xbox/xbox_0111,39,39,22,39
xbox/xbox_0112,39,39,39,39
xbox/xbox_0113,39,39,39,39
xbox/xbox_0114,39,39,39,39
xbox/xbox_0115,39,13,4,4
xbox/xbox_0116,39,39,4,26
xbox/xbox_0117,39,4,4,38
xbox/xbox_0118,39,10,4,19
xbox/xbox_0119,39,39,22,39
xbox/xbox_0120,39,31,22,22
xbox/xbox_0121,39,17,22,12
xbox/xbox_0122,39,39,39,39
xbox/xbox_0123,39,5,0,0
