clase,svm_R32,rf_R32,net5_R32,svm_R64,rf_R64,net5_R64
airplane,1.0,0.99,0.99,1.0,1.0,1.0
bathtub,0.5,0.44,0.78,0.5,0.5,0.9
bed,0.91,0.94,0.88,0.88,0.94,0.95
bench,0.7,0.55,0.7,0.7,0.6,0.65
bookshelf,0.87,0.87,0.91,0.85,0.9,0.95
bottle,0.81,0.91,0.91,0.85,0.86,0.94
bowl,0.85,0.8,0.9,0.85,0.75,0.8
car,0.89,0.92,0.97,0.91,0.94,0.96
chair,0.88,0.93,0.95,0.88,0.95,0.94
cone,0.75,0.8,0.8,0.65,0.7,0.75
cup,0.2,0.3,0.6,0.3,0.2,0.55
curtain,0.45,0.65,0.7,0.55,0.55,0.8
desk,0.6279,0.6977,0.7558,0.6744,0.6744,0.7209
door,0.65,0.9,0.8,0.8,0.85,0.8
dresser,0.7558,0.6628,0.7791,0.7326,0.7209,0.7442
flower_pot,0.05,0.0,0.0,0.15,0.0,0.2
glass_box,0.93,0.91,0.95,0.93,0.93,0.95
guitar,0.92,0.97,0.95,0.96,0.96,0.92
keyboard,0.7,1.0,0.95,0.85,0.95,0.9
lamp,0.65,0.6,0.75,0.65,0.65,0.7
laptop,0.9,0.95,1.0,0.9,0.85,0.85
mantel,0.88,0.89,0.93,0.89,0.89,0.9
monitor,0.88,0.94,0.95,0.89,0.92,0.94
night_stand,0.5116,0.5349,0.4884,0.6163,0.4651,0.5698
person,0.35,0.7,0.65,0.4,0.65,0.55
piano,0.65,0.65,0.76,0.67,0.69,0.85
plant,0.6,0.53,0.75,0.59,0.58,0.69
radio,0.4,0.3,0.35,0.45,0.35,0.45
range_hood,0.79,0.66,0.85,0.79,0.68,0.89
sink,0.4,0.4,0.6,0.35,0.45,0.8
sofa,0.95,0.93,0.92,0.93,0.95,0.98
stairs,0.35,0.25,0.5,0.45,0.3,0.55
stool,0.3,0.35,0.65,0.5,0.45,0.75
table,0.79,0.74,0.69,0.74,0.74,0.76
tent,0.4,0.35,0.65,0.5,0.4,0.9
toilet,0.96,0.9,0.95,0.95,0.92,0.98
tv_stand,0.6,0.59,0.72,0.61,0.67,0.67
vase,0.74,0.8,0.79,0.75,0.79,0.66
wardrobe,0.5,0.5,0.65,0.5,0.45,0.55
xbox,0.45,0.25,0.45,0.4,0.3,0.5
